Date,Name,Year,Letterboxd URI,Rating,Rewatch,Tags,Watched Date
2022-05-26,Black Panther,2018,https://boxd.it/2SgJNL,3,,"action, adventure, scifi, podcastepisode",2018-02-23
2022-05-26,Avengers: Infinity War,2018,https://boxd.it/2SgLxl,5,,"action, adventure, scifi, podcastepisode",2018-05-04
2022-05-26,Deadpool 2,2018,https://boxd.it/2SgKBB,3,,"action, comedy, podcastepisode",2018-05-16
2022-05-26,Léon: The Professional,1994,https://boxd.it/2SgMqb,2,,"action, crime, podcastepisode",2018-06-20
2022-05-26,Nightcrawler,2014,https://boxd.it/2SgMSp,5,,"crime, drama, podcastepisode, thriller",2018-06-24
2022-05-26,Being John Malkovich,1999,https://boxd.it/2SgOd9,4,,"comedy, fantasy, podcastepisode",2018-06-28
2022-05-26,Eternal Sunshine of the Spotless Mind,2004,https://boxd.it/2SgOv3,5,,"drama, fantasy, scifi, romance, podcastepisode",2018-07-05
2022-05-26,Free Fire,2016,https://boxd.it/2SgOPx,3,,"action, comedy, podcastepisode",2018-07-28
2022-05-26,Reign of Fire,2002,https://boxd.it/2SgPdz,2,,"fantasy, podcastepisode",2018-08-08
2022-05-26,Once Upon a Time… in Hollywood,2019,https://boxd.it/2Sh04N,4,,"drama, crime, fantasy, podcastepisode",2018-08-08
2022-05-26,Scarface,1983,https://boxd.it/2SgPDH,3,,"crime, drama, classic, podcastepisode",2018-08-29
2022-05-26,Infernal Affairs,2002,https://boxd.it/2SgQ9t,3,,"crime, drama, foreign language, podcastepisode",2018-09-13
2022-05-26,Face/Off,1997,https://boxd.it/2SgQLn,4,Yes,"action, comedy, crime, guiltypleasure, podcastepisode, thriller",2018-10-10
2022-05-26,The Game,1997,https://boxd.it/2SgR7X,4,,"mystery, drama, thriller, podcastepisode",2018-10-25
2022-05-26,Aliens,1986,https://boxd.it/2SgRt5,4,,"action, classic, podcastepisode, scifi",2018-11-08
2022-05-26,Full Metal Jacket,1987,https://boxd.it/2SgRUP,3,Yes,"drama, comedy, podcastepisode, war",2018-11-17
2022-05-26,The Great Escape,1963,https://boxd.it/2SgSev,2,,"classic, comedy, podcastepisode, war",2018-11-17
2022-05-26,Inception,2010,https://boxd.it/2SgSP7,5,,"crime, podcastepisode, scifi, thriller",2018-11-22
2022-05-26,Eighth Grade,2018,https://boxd.it/2SgTi9,5,Yes,"comedy, drama, podcastepisode, romance",2018-12-14
2022-05-26,Die Hard,1988,https://boxd.it/2SgTwZ,5,Yes,"action, crime, holiday, podcastepisode, thriller",2018-12-21
2022-05-26,The Last of the Mohicans,1992,https://boxd.it/2SgTVb,3,,"adventure, podcastepisode",2019-01-22
2022-05-26,Prisoners,2013,https://boxd.it/2SgUgX,5,Yes,"crime, drama, thriller",2019-01-27
2022-05-26,The Dark Knight,2008,https://boxd.it/2SgUxz,5,Yes,"action, crime, classic, drama, podcastepisode",2019-02-01
2022-05-26,When Harry Met Sally...,1989,https://boxd.it/2SgUUN,4,,"comedy, podcastepisode, romance",2019-03-09
2022-05-26,"I Love You, Man",2009,https://boxd.it/2SgVdZ,5,Yes,"comedy, romance, podcastepisode",2019-03-09
2022-05-26,Captain Marvel,2019,https://boxd.it/2SgVCl,3,Yes,"action, podcastepisode, scifi",2019-03-17
2022-05-26,Annihilation,2018,https://boxd.it/2SgVKz,5,Yes,"adventure, drama, podcastepisode, scifi",2019-03-23
2022-05-26,Major League,1989,https://boxd.it/2SgW03,3,Yes,"comedy, podcastepisode, sports",2019-04-02
2022-05-26,42,2013,https://boxd.it/2SgWaH,3,,"drama, podcastepisode, sports",2019-04-13
2022-05-26,EuroTrip,2004,https://boxd.it/2SgWnh,3,Yes,"comedy, adventure",2019-04-20
2022-05-26,Road to Perdition,2002,https://boxd.it/2SgWO3,3,,"crime, drama, podcastepisode",2019-04-28
2022-05-26,Avengers: Endgame,2019,https://boxd.it/2SgXm5,5,Yes,"action, podcastepisode, scifi, war",2019-05-11
2022-05-26,Point Break,1991,https://boxd.it/2SgXuj,3,,"crime, guiltypleasure, podcastepisode, sports",2019-05-19
2022-05-26,What We Do in the Shadows,2014,https://boxd.it/2SgXUh,4,Yes,"comedy, fantasy, horror, podcastepisode",2019-05-22
2022-05-26,The Truman Show,1998,https://boxd.it/2SgYpJ,5,Yes,"drama, comedy, podcastepisode",2019-05-29
2022-05-26,Drive,2011,https://boxd.it/2SgYH9,4,Yes,"action, crime, drama, podcastepisode",2019-06-04
2022-05-26,Almost Famous,2000,https://boxd.it/2SgYWX,4,Yes,"classic, comedy, drama, podcastepisode, romance",2019-06-23
2022-05-26,Toy Story 4,2019,https://boxd.it/2SgZkF,4,Yes,"adventure, animation, comedy, kids, podcastepisode",2019-07-12
2022-05-26,Spider-Man: Far from Home,2019,https://boxd.it/2SgZuZ,4,,"action, adventure, comedy, crime, podcastepisode, scifi",2019-07-19
2022-05-26,Triple Frontier,2019,https://boxd.it/2Sh0il,4,,"action, crime, drama, podcastepisode",2019-08-14
2022-05-26,Heat,1995,https://boxd.it/2Sh0tj,4,Yes,"crime, drama, podcastepisode",2019-08-29
2022-05-26,Ocean's Eleven,2001,https://boxd.it/2Sh16Z,4,,"adventure, comedy, crime, podcastepisode",2019-08-29
2022-05-26,Elizabeth,1998,https://boxd.it/2Sh1Ch,3,,"drama, podcastepisode",2019-09-18
2022-05-26,Shakespeare in Love,1998,https://boxd.it/2Sh1KP,3,Yes,"drama, podcastepisode, romance",2019-09-25
2022-05-26,Life Is Beautiful,1997,https://boxd.it/2Sh1Yx,5,Yes,"classic, comedy, drama, fantasy, podcastepisode, war",2019-10-03
2022-05-26,Saving Private Ryan,1998,https://boxd.it/2Sh2cz,5,Yes,"drama, podcastepisode, war",2019-10-10
2022-05-26,The Thin Red Line,1998,https://boxd.it/2Sh2ol,3,,"drama, podcastepisode, war",2019-10-15
2022-05-26,Pacific Rim,2013,https://boxd.it/2Sh2Bf,3,Yes,"action, guiltypleasure, podcastepisode, scifi",2019-10-18
2022-05-26,Road House,1989,https://boxd.it/2Sh2ON,2,,"crime, comedy, podcastepisode, romance",2019-10-25
2020-06-29,Knives Out,2019,https://boxd.it/1dUkGN,5,Yes,,2019-10-28
2022-05-26,Hereditary,2018,https://boxd.it/2Sh36x,3,Yes,"drama, horror, podcastepisode",2019-10-31
2022-05-26,Fury,2014,https://boxd.it/2Sh3jh,3,Yes,"drama, podcastepisode, war",2019-11-10
2022-05-26,The Cable Guy,1996,https://boxd.it/2Sh3wb,3,Yes,"comedy, thriller, podcastepisode",2019-11-21
2022-05-26,Sicario,2015,https://boxd.it/2Sh3F3,5,Yes,"action, crime, drama, podcastepisode",2019-11-25
2022-05-26,Sicario: Day of the Soldado,2018,https://boxd.it/2Sh3NB,2,,"action, crime, drama, podcastepisode",2019-11-25
2022-05-26,"Planes, Trains and Automobiles",1987,https://boxd.it/2Sh46j,4,Yes,"adventure, comedy, holiday, podcastepisode",2019-12-05
2020-02-05,Jojo Rabbit,2019,https://boxd.it/Yyr3z,5,,,2019-12-07
2022-05-26,Pearl Harbor,2001,https://boxd.it/2Sh4dT,2,,"drama, podcastepisode, romance, war",2019-12-10
2022-05-26,Ghostbusters,1984,https://boxd.it/2Sh4uZ,4,Yes,"classic, comedy, horror, podcastepisode, scifi",2020-01-09
2020-01-12,Booksmart,2019,https://boxd.it/Wpi0v,4,Yes,,2020-01-11
2020-02-05,1917,2019,https://boxd.it/Yyqzf,5,,,2020-01-14
2020-11-12,Looper,2012,https://boxd.it/1sfvxl,5,Yes,action,2020-01-15
2020-11-12,The Town,2010,https://boxd.it/1sfvp7,5,Yes,drama,2020-01-22
2020-02-05,1917,2019,https://boxd.it/Yyrjd,5,Yes,,2020-01-25
2020-02-05,Little Women,2019,https://boxd.it/YyqJf,4,,,2020-02-04
2020-11-12,The Full Monty,1997,https://boxd.it/1sfv1f,3,,"comedy, oscars",2020-02-19
2020-11-12,As Good as It Gets,1997,https://boxd.it/1sfvc3,3,,"oscars, comedy, drama",2020-02-26
2020-11-12,Good Will Hunting,1997,https://boxd.it/1sfuRz,5,Yes,"oscars, drama, comedy",2020-03-10
2020-11-12,L.A. Confidential,1997,https://boxd.it/1sfuFN,4,,oscars,2020-03-17
2020-11-12,Contagion,2011,https://boxd.it/1sfuwh,4,,"drama, horror",2020-03-25
2020-11-12,Titanic,1997,https://boxd.it/1sfu2B,3,Yes,,2020-03-28
2020-11-12,Parasite,2019,https://boxd.it/1sfu7V,5,Yes,"comedy, drama, oscars",2020-03-28
2020-11-12,The Simpsons Movie,2007,https://boxd.it/1sfufZ,4,Yes,comedy,2020-03-28
2020-11-12,I Am Legend,2007,https://boxd.it/1sfulD,4,Yes,action,2020-03-28
2020-04-22,Onward,2020,https://boxd.it/16k0Yd,4,,,2020-04-22
2020-11-12,Spirited Away,2001,https://boxd.it/1sfqph,3,,,2020-04-22
2020-11-12,The Revenant,2015,https://boxd.it/1sfqvT,4,Yes,"action, oscars",2020-04-22
2020-11-12,Rocketman,2019,https://boxd.it/1sfqCl,4,,drama,2020-04-22
2020-11-12,Yesterday,2019,https://boxd.it/1sfqQx,3,,comedy,2020-04-22
2020-11-12,The Shining,1980,https://boxd.it/1sfpD3,4,Yes,"classic, horror",2020-05-03
2020-11-12,The Royal Tenenbaums,2001,https://boxd.it/1sfpLr,3,,comedy,2020-05-03
2020-11-12,The Grand Budapest Hotel,2014,https://boxd.it/1sfpQr,3,Yes,"comedy, oscars",2020-05-03
2020-11-12,Horrible Bosses,2011,https://boxd.it/1sfpX3,4,Yes,comedy,2020-05-03
2020-11-12,Star Wars: Episode I - The Phantom Menace,1999,https://boxd.it/1sfojL,3,Yes,"action, guiltypleasure",2020-05-04
2020-11-12,Star Wars: Episode II - Attack of the Clones,2002,https://boxd.it/1sfoqR,2,Yes,"action, guiltypleasure",2020-05-04
2020-11-12,Star Wars: Episode III - Revenge of the Sith,2005,https://boxd.it/1sfoBb,3,Yes,"guiltypleasure, action",2020-05-04
2020-11-12,Star Wars,1977,https://boxd.it/1sfpf1,4,Yes,"action, classic",2020-05-04
2020-11-12,A Clockwork Orange,1971,https://boxd.it/1sfpox,4,Yes,"drama, classic",2020-05-04
2020-11-12,2001: A Space Odyssey,1968,https://boxd.it/1sfpvD,4,,"action, drama, classic",2020-05-04
2020-11-12,The Italian Job,2003,https://boxd.it/1sfq3P,3,Yes,action,2020-05-04
2020-11-12,Collateral,2004,https://boxd.it/1sfq9j,5,Yes,action,2020-05-04
2020-11-12,The Empire Strikes Back,1980,https://boxd.it/1sfoaf,5,Yes,action,2020-05-07
2020-11-12,Monty Python and the Holy Grail,1975,https://boxd.it/1sfoKn,4,Yes,"comedy, classic",2020-05-07
2020-11-12,Lars and the Real Girl,2007,https://boxd.it/1sfoRD,4,,,2020-05-07
2020-11-12,Casino Royale,2006,https://boxd.it/1sfoY5,4,Yes,action,2020-05-07
2020-11-12,Quantum of Solace,2008,https://boxd.it/1sfp5l,3,Yes,action,2020-05-07
2020-11-12,Return of the Jedi,1983,https://boxd.it/1sfmYx,3,Yes,,2020-05-13
2020-11-12,Edge of Tomorrow,2014,https://boxd.it/1sfnbV,4,Yes,action,2020-05-13
2020-11-12,The Princess Bride,1987,https://boxd.it/1sfngh,3,Yes,comedy,2020-05-13
2020-11-12,Prisoners,2013,https://boxd.it/1sfnMx,5,Yes,drama,2020-05-13
2020-11-12,National Treasure,2004,https://boxd.it/1sfo0z,2,,action,2020-05-13
2020-11-12,The Lives of Others,2006,https://boxd.it/1sflHZ,5,Yes,oscars,2020-05-21
2020-11-12,Skyfall,2012,https://boxd.it/1sflMv,4,Yes,,2020-05-21
2020-11-12,The Prestige,2006,https://boxd.it/1sflS9,5,Yes,,2020-05-21
2020-11-12,Get Out,2017,https://boxd.it/1sflXX,4,Yes,horror,2020-05-21
2020-11-12,Sorry to Bother You,2018,https://boxd.it/1sfm4f,5,Yes,comedy,2020-05-21
2020-11-12,The Rock,1996,https://boxd.it/1sflaL,3,,guiltypleasure,2020-05-28
2020-11-12,Howl's Moving Castle,2004,https://boxd.it/1sflil,3,,,2020-05-28
2020-11-12,Donnie Darko,2001,https://boxd.it/1sflnb,3,,,2020-05-28
2020-11-12,Swiss Army Man,2016,https://boxd.it/1sflrR,3,,comedy,2020-05-28
2020-11-12,Office Space,1999,https://boxd.it/1sflw3,4,Yes,comedy,2020-05-28
2020-11-12,Michael Clayton,2007,https://boxd.it/1sflzr,5,Yes,oscars,2020-05-28
2020-11-12,The English Patient,1996,https://boxd.it/1sfkFN,2,,oscars,2020-06-09
2020-11-12,Face/Off,1997,https://boxd.it/1sfkPD,4,Yes,comedy,2020-06-09
2020-11-12,Juno,2007,https://boxd.it/1sfkWz,5,Yes,"comedy, oscars",2020-06-09
2020-11-12,District 9,2009,https://boxd.it/1sfl0L,5,Yes,oscars,2020-06-09
2020-11-12,Fargo,1996,https://boxd.it/1sfk5Z,5,Yes,"comedy, oscars",2020-06-10
2020-11-12,American Hustle,2013,https://boxd.it/1sfkjn,4,Yes,oscars,2020-06-10
2020-11-12,Scream,1996,https://boxd.it/1sfkoH,3,Yes,"comedy, horror",2020-06-10
2020-11-12,The Incredibles,2004,https://boxd.it/1sfkwr,5,Yes,,2020-06-10
2020-06-15,The Vast of Night,2019,https://boxd.it/1cwMP7,4,,,2020-06-14
2020-11-12,Jerry Maguire,1996,https://boxd.it/1sfgAz,3,,,2020-06-20
2020-11-12,This Is the End,2013,https://boxd.it/1sfgQn,3,Yes,"comedy, guiltypleasure",2020-06-20
2020-11-12,Matilda,1996,https://boxd.it/1sfgYL,3,,comedy,2020-06-20
2020-11-12,A Time to Kill,1996,https://boxd.it/1sfjOf,4,,,2020-06-20
2020-11-12,12 Angry Men,1957,https://boxd.it/1sfjUH,5,Yes,oscars,2020-06-20
2020-11-12,The Goonies,1985,https://boxd.it/1sfget,3,,comedy,2020-06-24
2020-11-12,Secrets & Lies,1996,https://boxd.it/1sfguB,2,,oscars,2020-06-24
2020-06-29,The King of Staten Island,2020,https://boxd.it/1dUkqF,3,,,2020-06-28
2020-11-12,Shine,1996,https://boxd.it/1sfg6T,3,,,2020-07-03
2020-11-12,Independence Day,1996,https://boxd.it/1sfgpr,3,Yes,,2020-07-04
2020-07-15,Hamilton,2020,https://boxd.it/1fBjVx,4,,,2020-07-14
2020-07-15,WALL·E,2008,https://boxd.it/1fBk0H,5,Yes,,2020-07-14
2020-07-15,"Monsters, Inc.",2001,https://boxd.it/1fBk2X,4,,,2020-07-14
2020-07-15,La La Land,2016,https://boxd.it/1fBk5n,5,,,2020-07-14
2020-11-12,American Ultra,2015,https://boxd.it/1sffWf,4,Yes,"comedy, guiltypleasure",2020-07-15
2020-11-12,A League of Their Own,1992,https://boxd.it/1sffxp,3,,sports,2020-07-17
2020-11-12,Zodiac,2007,https://boxd.it/1sffdp,4,,,2020-07-21
2020-11-12,Harry Potter and the Chamber of Secrets,2002,https://boxd.it/1sff0F,3,Yes,,2020-08-03
2020-11-12,Mulan,1998,https://boxd.it/1sfeDL,5,Yes,,2020-08-06
2020-11-12,"I Love You, Man",2009,https://boxd.it/1sfeHX,5,Yes,,2020-08-06
2020-11-12,Crazy Rich Asians,2018,https://boxd.it/1sfeOT,3,Yes,,2020-08-06
2020-11-12,Harry Potter and the Philosopher's Stone,2001,https://boxd.it/1sff6t,3,Yes,,2020-08-06
2020-11-12,Harry Potter and the Prisoner of Azkaban,2004,https://boxd.it/1sfebR,4,Yes,,2020-08-13
2020-11-12,Up in the Air,2009,https://boxd.it/1sfegH,5,Yes,,2020-08-13
2020-11-12,Due Date,2010,https://boxd.it/1sfejr,3,Yes,,2020-08-13
2020-11-12,The Farewell,2019,https://boxd.it/1sfeoL,5,,,2020-08-13
2020-11-12,The Social Network,2010,https://boxd.it/1sferZ,5,Yes,,2020-08-13
2020-11-12,Kill Your Darlings,2013,https://boxd.it/1sfdkD,2,,,2020-08-27
2020-11-12,Hereditary,2018,https://boxd.it/1sfdt1,4,Yes,,2020-08-27
2020-11-12,Rush,2013,https://boxd.it/1sfdJX,4,Yes,,2020-08-27
2020-11-12,The Place Beyond the Pines,2012,https://boxd.it/1sfdQT,4,Yes,,2020-08-27
2020-11-12,Harry Potter and the Goblet of Fire,2005,https://boxd.it/1sfe5J,3,Yes,,2020-08-27
2020-09-02,Tenet,2020,https://boxd.it/1kGHXn,4,,,2020-09-01
2020-09-04,Harry Potter and the Order of the Phoenix,2007,https://boxd.it/1kPd4l,4,Yes,,2020-09-03
2020-11-12,Blades of Glory,2007,https://boxd.it/1sfd59,3,Yes,,2020-09-03
2020-11-12,A Bug's Life,1998,https://boxd.it/1sfd9v,3,,,2020-09-03
2020-09-10,Snowpiercer,2013,https://boxd.it/1lxJYt,4,Yes,,2020-09-05
2020-09-10,Black Panther,2018,https://boxd.it/1lxJLT,3,Yes,,2020-09-07
2020-11-12,Harry Potter and the Half-Blood Prince,2009,https://boxd.it/1sfcH7,4,Yes,,2020-09-10
2020-09-28,Hairspray,2007,https://boxd.it/1nprbl,4,,,2020-09-26
2020-09-28,The Hurt Locker,2008,https://boxd.it/1npref,4,,,2020-09-27
2020-11-12,A Goofy Movie,1995,https://boxd.it/1sfasz,2,,,2020-09-28
2020-11-12,School of Rock,2003,https://boxd.it/1sfay3,5,Yes,,2020-09-28
2020-11-12,Fight Club,1999,https://boxd.it/1sfcan,4,Yes,,2020-09-28
2020-11-12,Harry Potter and the Deathly Hallows: Part 1,2010,https://boxd.it/1sfcpH,4,Yes,,2020-09-28
2020-11-12,Harry Potter and the Deathly Hallows: Part 2,2011,https://boxd.it/1sfckd,4,Yes,,2020-10-02
2020-11-12,Step Brothers,2008,https://boxd.it/1sf9uf,4,Yes,,2020-10-08
2020-11-12,Superbad,2007,https://boxd.it/1sf9az,5,Yes,,2020-10-18
2020-11-12,Honey Boy,2019,https://boxd.it/1sf9gx,3,,,2020-10-20
2020-11-12,Tremors,1990,https://boxd.it/1sfALH,3,Yes,"comedy, horror",2020-10-21
2020-11-12,Casablanca,1942,https://boxd.it/1sfAz7,5,,"oscars, classic",2020-10-22
2020-10-29,Nosferatu,1922,https://boxd.it/1qM8JL,2,,,2020-10-27
2020-11-12,The Nightmare Before Christmas,1993,https://boxd.it/1sfB53,3,Yes,"horror, comedy",2020-10-28
2020-11-12,Drag Me to Hell,2009,https://boxd.it/1sfBfn,3,,horror,2020-10-28
2020-11-12,Mean Girls,2004,https://boxd.it/1sfBlF,4,Yes,comedy,2020-10-28
2020-11-12,Stranger Than Fiction,2006,https://boxd.it/1sfBuR,4,Yes,"comedy, drama",2020-10-28
2020-11-12,Spotlight,2015,https://boxd.it/1sfBBX,4,Yes,"oscars, drama",2020-10-28
2020-10-31,The Killing of a Sacred Deer,2017,https://boxd.it/1qZLvz,3,,,2020-10-30
2020-10-31,The Invisible Man,2020,https://boxd.it/1r0tWp,4,,,2020-10-31
2020-11-03,1917,2019,https://boxd.it/1rpuZ5,5,Yes,,2020-11-02
2020-11-10,The Trial of the Chicago 7,2020,https://boxd.it/1s50Br,5,,2020,2020-11-09
2020-11-11,Eighth Grade,2018,https://boxd.it/1s9eXJ,5,Yes,,2020-11-09
2020-11-12,The Place Beyond the Pines,2012,https://boxd.it/1sfdTj,4,Yes,,2020-11-11
2020-11-14,Inside Out,2015,https://boxd.it/1srX83,5,Yes,comedy,2020-11-13
2020-11-15,Holes,2003,https://boxd.it/1szEav,3,Yes,,2020-11-14
2020-11-16,Moon,2009,https://boxd.it/1sGU3f,4,,scifi,2020-11-15
2020-11-17,Office Space,1999,https://boxd.it/1sMPQN,4,Yes,comedy,2020-11-16
2020-11-18,Spider-Man 3,2007,https://boxd.it/1sSpM3,2,Yes,"action, scifi",2020-11-17
2020-11-22,Charlie and the Chocolate Factory,2005,https://boxd.it/1tbnTp,2,Yes,comedy,2020-11-19
2020-11-22,The Good Dinosaur,2015,https://boxd.it/1tbocL,3,,,2020-11-20
2020-11-23,The Martian,2015,https://boxd.it/1toXYV,5,Yes,scifi,2020-11-22
2020-11-26,Back to the Future,1985,https://boxd.it/1tI2kT,5,,,2020-11-24
2020-11-29,Die Hard 2,1990,https://boxd.it/1tYW3r,2,Yes,action,2020-11-24
2020-11-29,The Queen's Gambit,2020,https://boxd.it/1tYVIX,4,,tv,2020-11-27
2020-12-01,Spider-Man: Into the Spider-Verse,2018,https://boxd.it/1ugaEv,5,Yes,"scifi, classic, comedy",2020-11-29
2020-12-03,Back to the Future Part II,1989,https://boxd.it/1uvusp,4,,"action, classic, scifi, comedy",2020-11-30
2020-12-06,How the Grinch Stole Christmas,2000,https://boxd.it/1uLnvj,4,Yes,comedy,2020-12-03
2020-12-06,Mank,2020,https://boxd.it/1uQggB,3,,drama,2020-12-04
2020-12-06,Sound of Metal,2019,https://boxd.it/1uR5Jz,4,,"drama, oscars",2020-12-04
2020-12-07,Dick Johnson Is Dead,2020,https://boxd.it/1uZVI5,5,,"documentary, comedy, oscars",2020-12-06
2020-12-09,Cars,2006,https://boxd.it/1vbWqP,3,,comedy,2020-12-07
2020-12-14,Back to the Future Part III,1990,https://boxd.it/1vK6zl,4,,"scifi, classic, action",2020-12-07
2020-12-13,It's a Wonderful Life,1946,https://boxd.it/1vB7rz,5,Yes,classic,2020-12-11
2020-12-13,Eight Crazy Nights,2002,https://boxd.it/1vBW9r,1,,comedy,2020-12-12
2020-12-14,Elf,2003,https://boxd.it/1vFe3d,4,,,2020-12-12
2020-12-16,Rogue One: A Star Wars Story,2016,https://boxd.it/1vXc6P,3,Yes,"action, scifi",2020-12-15
2020-12-16,Pawn Sacrifice,2014,https://boxd.it/1vXRkD,4,Yes,drama,2020-12-15
2020-12-16,Goon,2011,https://boxd.it/1vY9Zf,4,,"comedy, sports",2020-12-16
2020-12-25,Miracle on 34th Street,1947,https://boxd.it/1x4dVx,4,,classic,2020-12-23
2020-12-25,The Nightmare Before Christmas,1993,https://boxd.it/1x4nmx,3,Yes,classic,2020-12-24
2020-12-26,Soul,2020,https://boxd.it/1xc571,4,,"comedy, drama, 2020",2020-12-25
2021-01-02,Catch Me If You Can,2002,https://boxd.it/1yuf8t,5,Yes,drama,2021-01-01
2021-01-07,Pulp Fiction,1994,https://boxd.it/1zp54P,5,,"classic, oscars, drama, comedy",2021-01-01
2021-01-03,Da 5 Bloods,2020,https://boxd.it/1yKhgB,3,,"drama, oscars",2021-01-02
2021-01-06,BlacKkKlansman,2018,https://boxd.it/1zfiRb,4,Yes,"oscars, drama, comedy",2021-01-02
2021-01-06,A Simple Favor,2018,https://boxd.it/1zhGk5,2,,comedy,2021-01-02
2021-01-06,The Emperor's New Groove,2000,https://boxd.it/1zfjbl,3,Yes,"kids, comedy",2021-01-03
2021-01-11,Boys State,2020,https://boxd.it/1A0TxL,4,,documentary,2021-01-10
2021-01-11,Bridge of Spies,2015,https://boxd.it/1A2bST,4,Yes,"drama, oscars",2021-01-10
2021-01-13,Soul,2020,https://boxd.it/1AiuI1,4,Yes,"kids, comedy",2021-01-11
2021-01-26,The Godfather,1972,https://boxd.it/1ChKRf,5,Yes,"classic, oscars, drama",2021-01-13
2021-01-18,The Disaster Artist,2017,https://boxd.it/1B9ACz,4,,comedy,2021-01-17
2021-01-18,The Room,2003,https://boxd.it/1Baujt,3,,,2021-01-17
2021-01-26,The Godfather: Part II,1974,https://boxd.it/1ChL1p,4,,"comedy, oscars, drama",2021-01-20
2021-01-22,The Devil All the Time,2020,https://boxd.it/1BIbh7,3,,drama,2021-01-21
2021-01-23,Pieces of a Woman,2020,https://boxd.it/1BRatp,4,,drama,2021-01-22
2021-01-24,Straight Up,2019,https://boxd.it/1C0woz,4,,"romance, comedy",2021-01-23
2021-01-25,Promising Young Woman,2020,https://boxd.it/1CbTLN,4,,"2020, drama",2021-01-24
2021-01-26,Palm Springs,2020,https://boxd.it/1ChKf1,5,,"comedy, romance, scifi",2021-01-24
2021-03-17,Wind River,2017,https://boxd.it/1JfvWt,5,,"action, crime, drama",2021-01-27
2021-02-02,The Vast of Night,2019,https://boxd.it/1Diw3V,4,Yes,scifi,2021-02-01
2021-02-04,Mangrove,2020,https://boxd.it/1DzXxR,5,,"drama, oscars, 2020",2021-02-02
2021-02-18,Twelve Monkeys,1995,https://boxd.it/1FwyRJ,4,,scifi,2021-02-09
2021-02-17,Captain America: The First Avenger,2011,https://boxd.it/1FrvfH,4,,"action, scifi",2021-02-15
2021-02-17,La La Land,2016,https://boxd.it/1Frw59,5,Yes,"musical, oscars, romance",2021-02-15
2021-03-17,Die Hard: With a Vengeance,1995,https://boxd.it/1JfvCD,4,,"action, comedy, crime",2021-02-16
2021-02-24,Stir of Echoes,1999,https://boxd.it/1GrLDJ,2,,horror,2021-02-18
2021-02-22,I Care a Lot,2020,https://boxd.it/1Gd1Ar,3,,,2021-02-21
2021-02-24,Pleasantville,1998,https://boxd.it/1GnG0p,3,,,2021-02-22
2021-03-17,Waterworld,1995,https://boxd.it/1JfvlH,3,,"action, guiltypleasure, scifi",2021-02-23
2021-02-28,Booksmart,2019,https://boxd.it/1GY9Br,5,Yes,comedy,2021-02-27
2021-03-03,Kubo and the Two Strings,2016,https://boxd.it/1HnS5v,4,,"kids, comedy, action",2021-03-02
2021-03-17,Se7en,1995,https://boxd.it/1Jfv7F,5,Yes,"crime, drama, classic",2021-03-03
2021-04-22,Wolfwalkers,2020,https://boxd.it/1OnwQx,4,,,2021-03-04
2021-03-07,Sunshine,2007,https://boxd.it/1HSljh,3,,"scifi, horror",2021-03-06
2021-03-07,Tenet,2020,https://boxd.it/1HSlsN,4,Yes,"2020, action, scifi",2021-03-06
2021-03-11,The Perks of Being a Wallflower,2012,https://boxd.it/1InGVt,4,,"drama, romance",2021-03-07
2021-03-11,Widows,2018,https://boxd.it/1IrBNH,4,,,2021-03-08
2021-03-17,The Usual Suspects,1995,https://boxd.it/1JfuNb,4,Yes,"drama, crime",2021-03-09
2021-03-17,Across the Universe,2007,https://boxd.it/1Jetul,3,Yes,"musical, romance",2021-03-13
2021-03-17,Captain Marvel,2019,https://boxd.it/1JetH5,3,,"action, scifi",2021-03-13
2021-03-17,Heat,1995,https://boxd.it/1Jfxxl,5,Yes,"action, classic, crime, drama",2021-03-14
2021-03-17,Iron Man,2008,https://boxd.it/1JetNd,5,,"action, scifi",2021-03-15
2021-03-18,Apollo 13,1995,https://boxd.it/1Jn1DR,5,Yes,"action, classic, drama",2021-03-17
2021-03-24,Old School,2003,https://boxd.it/1Kc2dH,4,Yes,comedy,2021-03-20
2021-03-24,Iron Man 2,2010,https://boxd.it/1Kc2AV,3,Yes,"action, scifi",2021-03-21
2021-03-24,Thor,2011,https://boxd.it/1Kc2Wn,3,,"action, scifi",2021-03-22
2021-04-14,Babe,1995,https://boxd.it/1NfJEp,3,,"kids, oscars",2021-03-24
2021-03-28,The Avengers,2012,https://boxd.it/1KJ0z3,4,,,2021-03-25
2021-03-28,Master and Commander: The Far Side of the World,2003,https://boxd.it/1KJ2az,4,Yes,"oscars, action, drama",2021-03-27
2021-03-28,Tag,2018,https://boxd.it/1KJYPl,4,Yes,comedy,2021-03-27
2021-04-01,Iron Man 3,2013,https://boxd.it/1LfHn9,4,Yes,"action, scifi",2021-03-28
2021-04-01,Soul,2020,https://boxd.it/1LdjQd,4,Yes,"kids, comedy, drama",2021-03-29
2021-04-01,Life as a House,2001,https://boxd.it/1Ldjm3,2,,drama,2021-03-30
2021-04-14,Braveheart,1995,https://boxd.it/1NfJfz,3,,"drama, war, oscars",2021-03-31
2021-04-04,The Lego Movie 2: The Second Part,2019,https://boxd.it/1LG8mp,3,Yes,"kids, comedy, action",2021-04-01
2021-04-04,Anchorman: The Legend of Ron Burgundy,2004,https://boxd.it/1LG8Oj,4,Yes,comedy,2021-04-02
2021-04-04,Galaxy Quest,1999,https://boxd.it/1LG997,4,,"comedy, action",2021-04-02
2021-04-08,Thor: The Dark World,2013,https://boxd.it/1MjitX,3,,"action, scifi",2021-04-03
2021-04-06,Bad Trip,2021,https://boxd.it/1M5L7X,1,,comedy,2021-04-04
2021-04-06,Captain America: The Winter Soldier,2014,https://boxd.it/1M5L11,5,Yes,"action, scifi",2021-04-05
2021-04-08,The Postman,1994,https://boxd.it/1Mmj4F,2,,"oscars, drama, foreign language",2021-04-06
2021-04-08,Star Wars: Episode I - The Phantom Menace,1999,https://boxd.it/1Mmjhp,3,Yes,"action, classic, scifi",2021-04-08
2021-04-15,Guardians of the Galaxy,2014,https://boxd.it/1NlInz,4,Yes,,2021-04-09
2021-04-12,Guardians of the Galaxy Vol. 2,2017,https://boxd.it/1MUyPf,4,Yes,"comedy, action, scifi",2021-04-10
2021-04-12,Nomadland,2020,https://boxd.it/1MVznj,3,,"2020, oscars, drama",2021-04-11
2021-04-12,Mr. Holland's Opus,1995,https://boxd.it/1MWYPz,4,,drama,2021-04-11
2021-04-12,Rounders,1998,https://boxd.it/1MXTNF,4,Yes,drama,2021-04-11
2021-04-14,Avengers: Age of Ultron,2015,https://boxd.it/1NfGgJ,4,Yes,"action, scifi",2021-04-12
2021-04-14,Crimson Tide,1995,https://boxd.it/1NfFUN,5,,"drama, war",2021-04-13
2021-04-14,Sense and Sensibility,1995,https://boxd.it/1NfI3H,4,,"drama, oscars, romance",2021-04-13
2021-04-16,Ant-Man,2015,https://boxd.it/1NviAR,3,,"action, scifi, crime",2021-04-15
2021-04-21,Captain America: Civil War,2016,https://boxd.it/1Of93L,5,Yes,"action, scifi",2021-04-17
2021-04-21,Love and Monsters,2020,https://boxd.it/1Of86f,3,,"action, comedy, romance",2021-04-20
2021-04-21,The American President,1995,https://boxd.it/1Of8Hv,4,,"comedy, drama, romance",2021-04-20
2021-05-20,Spider-Man: Homecoming,2017,https://boxd.it/1Sc20l,5,,,2021-04-23
2021-05-20,Black Panther,2018,https://boxd.it/1Sc3sv,3,Yes,,2021-04-24
2021-04-28,Palm Springs,2020,https://boxd.it/1PePF5,5,Yes,,2021-04-26
2021-04-28,The Father,2020,https://boxd.it/1PePNj,4,,"2020, drama, oscars",2021-04-27
2021-05-21,Bad Words,2013,https://boxd.it/1SjSOL,3,,"classic, drama",2021-05-15
2021-05-17,Enemy,2013,https://boxd.it/1RRHIV,4,,drama,2021-05-16
2021-06-03,Strangers on a Train,1951,https://boxd.it/1U5ZoP,3,,,2021-05-26
2021-05-28,Sing Street,2016,https://boxd.it/1TfXFv,4,,"comedy, musical, romance",2021-05-27
2021-06-03,(500) Days of Summer,2009,https://boxd.it/1U4T9H,4,,,2021-05-30
2021-06-03,Four Weddings and a Funeral,1994,https://boxd.it/1U5Zgr,4,,,2021-06-01
2021-11-22,Bo Burnham: Inside,2021,https://boxd.it/2iZUAz,5,,comedy,2021-06-01
2022-02-13,Bo Burnham: Inside,2021,https://boxd.it/2zJylX,5,,comedy,2021-06-01
2021-06-06,Her,2013,https://boxd.it/1UveQp,4,,,2021-06-04
2021-06-06,Rear Window,1954,https://boxd.it/1Uvf8t,4,,"classic, crime, drama",2021-06-05
2021-06-10,True Lies,1994,https://boxd.it/1V2DjB,2,,"action, comedy",2021-06-08
2021-06-13,Ammonite,2020,https://boxd.it/1Vp2UB,3,,"drama, romance, 2020",2021-06-12
2021-06-17,Color of Night,1994,https://boxd.it/1VTsXh,1,,"romance, drama",2021-06-14
2021-06-18,Safety Not Guaranteed,2012,https://boxd.it/1W0Dtr,4,,"comedy, drama, romance",2021-06-17
2021-06-20,Uptown Girls,2003,https://boxd.it/1WgDsl,2,,"comedy, romance",2021-06-19
2021-06-24,A Quiet Place Part II,2020,https://boxd.it/1WLk3j,3,,horror,2021-06-21
2021-06-24,The Shawshank Redemption,1994,https://boxd.it/1WLMpx,5,Yes,"classic, drama, oscars",2021-06-23
2021-06-26,An Honest Liar,2014,https://boxd.it/1X1XUX,4,Yes,documentary,2021-06-25
2021-06-30,She's the Man,2006,https://boxd.it/1XzvXn,2,Yes,"comedy, romance",2021-06-29
2021-07-01,Good on Paper,2021,https://boxd.it/1XHpg9,2,,"comedy, drama, crime, romance",2021-06-30
2021-08-11,Dumb and Dumber,1994,https://boxd.it/23KKPz,5,Yes,"classic, comedy",2021-06-30
2021-07-04,Okja,2017,https://boxd.it/1XZFfd,4,Yes,"comedy, drama, foreign language, horror, scifi",2021-07-02
2021-07-09,The Lion King,1994,https://boxd.it/1YQjPp,5,Yes,"classic, kids, musical",2021-07-06
2021-07-09,Black Widow,2021,https://boxd.it/1YQkkd,4,,action,2021-07-08
2021-07-14,The Way Way Back,2013,https://boxd.it/1ZAwLR,4,,"comedy, drama, romance",2021-07-12
2021-08-01,Forrest Gump,1994,https://boxd.it/22apwP,5,Yes,"classic, comedy, drama",2021-07-19
2021-08-01,Fired Up!,2009,https://boxd.it/22aosd,2,Yes,comedy,2021-07-21
2021-07-23,The Birdcage,1996,https://boxd.it/20XQ8F,4,Yes,comedy,2021-07-22
2021-08-01,Quiz Show,1994,https://boxd.it/22ap1H,4,,"drama, oscars",2021-07-27
2021-08-03,Luca,2021,https://boxd.it/22yfWh,4,,"comedy, kids, drama",2021-08-01
2021-08-03,The Good Dinosaur,2015,https://boxd.it/22zJKd,3,Yes,"kids, adventure",2021-08-02
2021-08-03,Booksmart,2019,https://boxd.it/22Axs9,5,Yes,comedy,2021-08-02
2021-08-05,Brave,2012,https://boxd.it/22MBrt,3,,"action, adventure, comedy, kids",2021-08-03
2021-08-06,The Florida Project,2017,https://boxd.it/22UlM7,4,,drama,2021-08-04
2021-08-08,The Beach,2000,https://boxd.it/23hhzT,2,,"adventure, drama, romance",2021-08-06
2021-08-09,The Incredibles,2004,https://boxd.it/23uBYF,5,Yes,,2021-08-08
2021-08-09,Eat Drink Man Woman,1994,https://boxd.it/23uCbz,4,,"comedy, drama, foreign language, romance",2021-08-08
2021-08-10,Speed,1994,https://boxd.it/23E7RJ,4,,action,2021-08-09
2021-08-11,Incredibles 2,2018,https://boxd.it/23KL79,3,Yes,"action, adventure, comedy, kids",2021-08-09
2021-08-11,Interview with the Vampire,1994,https://boxd.it/23M6yH,3,,"drama, horror",2021-08-10
2021-08-11,Toy Story,1995,https://boxd.it/23MFsJ,4,,"adventure, classic, comedy, kids",2021-08-11
2021-08-13,Clerks,1994,https://boxd.it/240utp,4,,comedy,2021-08-12
2021-08-18,Clerks,1994,https://boxd.it/24MMej,4,Yes,,2021-08-15
2021-08-20,Mr. Right,2015,https://boxd.it/252zOb,2,,"action, comedy",2021-08-19
2021-08-26,Toy Story 2,1999,https://boxd.it/25VfZN,5,Yes,"action, adventure, comedy, kids",2021-08-22
2021-08-26,Ratatouille,2007,https://boxd.it/25Vg4t,4,Yes,"action, adventure, comedy, kids",2021-08-23
2021-08-27,Finding Nemo,2003,https://boxd.it/261B9V,5,,"action, adventure, comedy, kids",2021-08-24
2021-08-28,Mallrats,1995,https://boxd.it/269qET,3,,comedy,2021-08-25
2021-09-03,Chasing Amy,1997,https://boxd.it/271wVp,4,Yes,"comedy, drama, romance",2021-08-31
2021-09-06,Hard Candy,2005,https://boxd.it/27uBQ3,4,,"horror, crime, drama",2021-09-04
2021-09-06,Yesterday,2019,https://boxd.it/27nxRR,3,Yes,"musical, romance, comedy, fantasy",2021-09-05
2021-09-06,Toy Story 3,2010,https://boxd.it/27uBYL,5,Yes,"adventure, classic, drama, fantasy, kids",2021-09-05
2021-09-10,Doctor Strange,2016,https://boxd.it/281oKd,4,Yes,"action, adventure, fantasy",2021-09-07
2021-09-11,Shang-Chi and the Legend of the Ten Rings,2021,https://boxd.it/2889MR,4,,"action, adventure, fantasy",2021-09-08
2021-09-12,Villains,2019,https://boxd.it/28kg9B,2,,"comedy, crime, thriller",2021-09-11
2021-09-12,The Dead Don't Die,2019,https://boxd.it/28kgml,2,,"action, adventure, comedy, horror",2021-09-11
2021-09-14,The Vast of Night,2019,https://boxd.it/28C2yX,5,Yes,"adventure, horror, scifi",2021-09-13
2021-09-20,Dogma,1999,https://boxd.it/29ou7h,4,Yes,"comedy, fantasy",2021-09-15
2021-09-20,Hereditary,2018,https://boxd.it/29otRD,5,Yes,"drama, horror",2021-09-19
2021-09-20,Lady Bird,2017,https://boxd.it/29otX7,4,,"comedy, drama, oscars",2021-09-19
2021-09-30,Jay and Silent Bob Strike Back,2001,https://boxd.it/2aGOH5,3,,"comedy, adventure",2021-09-22
2021-09-30,Straight Outta Compton,2015,https://boxd.it/2aGOCp,4,Yes,"drama, musical",2021-09-29
2021-10-02,Clerks II,2006,https://boxd.it/2aWje9,3,,comedy,2021-09-30
2021-10-03,Beetlejuice,1988,https://boxd.it/2b1XYr,3,,"comedy, horror",2021-10-01
2021-10-03,Britney vs. Spears,2021,https://boxd.it/2b8poj,3,,,2021-10-02
2021-10-15,Jay and Silent Bob Reboot,2019,https://boxd.it/2cWrKl,1,,"comedy, adventure",2021-10-06
2021-10-15,Corpse Bride,2005,https://boxd.it/2cWrqb,3,,,2021-10-09
2021-10-29,Whiplash,2014,https://boxd.it/2f9ZBV,5,,,2021-10-13
2021-10-22,Us,2019,https://boxd.it/2dZZqT,4,Yes,horror,2021-10-18
2021-10-29,Arrival,2016,https://boxd.it/2f9ZYP,5,,,2021-10-20
2021-10-29,Dune,2021,https://boxd.it/2f9YKd,4,,"action, adventure, fantasy, scifi",2021-10-24
2021-10-29,Zodiac,2007,https://boxd.it/2f9ZHT,4,Yes,,2021-10-24
2021-10-26,Ghostbusters,1984,https://boxd.it/2eIs6V,3,Yes,"comedy, fantasy",2021-10-25
2021-10-29,Dune,2021,https://boxd.it/2f9Z1j,4,Yes,"adventure, action, fantasy, scifi",2021-10-27
2021-10-29,Halloweentown,1998,https://boxd.it/2f9YFd,1,,"comedy, fantasy, kids",2021-10-28
2021-11-05,Das Boot,1981,https://boxd.it/2gjkbL,4,,"war, drama",2021-11-03
2021-11-08,Best in Show,2000,https://boxd.it/2gPdSn,3,,"comedy, documentary",2021-11-07
2021-11-09,Eternals,2021,https://boxd.it/2gVTUx,3,,"action, fantasy",2021-11-08
2021-11-15,Kiss Kiss Bang Bang,2005,https://boxd.it/2hUXPt,4,,"comedy, crime, drama",2021-11-13
2021-11-15,The Secret Life of Walter Mitty,2013,https://boxd.it/2hWfa1,3,Yes,"adventure, comedy, drama, fantasy",2021-11-14
2021-11-18,Starship Troopers,1997,https://boxd.it/2inhSX,3,,"action, war, scifi, podcastepisode",2021-11-17
2021-11-22,CODA,2021,https://boxd.it/2iYDRr,5,,drama,2021-11-21
2021-11-22,The Card Counter,2021,https://boxd.it/2iZLyz,2,,"crime, drama",2021-11-21
2021-11-23,Jojo Rabbit,2019,https://boxd.it/2j86Pd,5,Yes,"comedy, drama, fantasy, romance",2021-11-22
2021-11-26,Sorry to Bother You,2018,https://boxd.it/2jxo45,4,Yes,"comedy, drama, fantasy, podcastepisode",2021-11-24
2021-11-27,Spencer,2021,https://boxd.it/2jGYw3,3,,drama,2021-11-26
2021-12-02,Thor: Ragnarok,2017,https://boxd.it/2ktJPx,4,,,2021-11-28
2021-12-02,School of Rock,2003,https://boxd.it/2krjuz,5,Yes,"comedy, classic, kids, musical, podcastepisode",2021-11-30
2021-12-02,It's a Wonderful Life,1946,https://boxd.it/2krkgN,5,Yes,"classic, drama, fantasy, podcastepisode",2021-12-01
2021-12-06,Home Sweet Home Alone,2021,https://boxd.it/2l65XJ,1,,"comedy, holiday",2021-12-05
2021-12-07,How the Grinch Stole Christmas,2000,https://boxd.it/2lf9Pn,4,Yes,"comedy, fantasy, holiday",2021-12-06
2021-12-08,Toy Story 4,2019,https://boxd.it/2lmGcx,4,Yes,"action, adventure, classic, kids, animation",2021-12-07
2021-12-09,West Side Story,1961,https://boxd.it/2lvOct,4,,"classic, crime, drama, musical, romance, oscars, podcastepisode",2021-12-08
2021-12-16,Pan's Labyrinth,2006,https://boxd.it/2my5KF,4,,"adventure, fantasy, horror",2021-12-11
2021-12-13,The Holiday,2006,https://boxd.it/2m7mlX,3,,"comedy, romance, holiday",2021-12-12
2021-12-18,Con Air,1997,https://boxd.it/2mSuWh,3,Yes,"action, crime, podcastepisode",2021-12-16
2021-12-21,Die Hard,1988,https://boxd.it/2ntifz,5,,"classic, action, crime, holiday",2021-12-17
2021-12-25,8-Bit Christmas,2021,https://boxd.it/2olgZX,3,,"adventure, comedy, holiday",2021-12-23
2021-12-25,How the Grinch Stole Christmas,2000,https://boxd.it/2olh6z,4,Yes,,2021-12-24
2021-12-28,Don't Look Up,2021,https://boxd.it/2pa1AZ,3,,"comedy, drama",2021-12-27
2021-12-29,The Power of the Dog,2021,https://boxd.it/2poMT3,4,,,2021-12-28
2021-12-31,"Where'd You Go, Bernadette",2019,https://boxd.it/2pTwkt,3,,"adventure, comedy, drama",2021-12-30
2022-01-03,Death to 2021,2021,https://boxd.it/2qNW15,2,,,2021-12-31
2022-01-03,Beautiful Boy,2018,https://boxd.it/2qNVh7,4,,drama,2022-01-01
2022-01-03,The Squid and the Whale,2005,https://boxd.it/2qT8iH,4,,"comedy, drama",2022-01-02
2022-01-06,The Fugitive,1993,https://boxd.it/2rECZZ,4,,"action, adventure, oscars, thriller, drama, podcastepisode",2022-01-05
2022-01-10,Zola,2020,https://boxd.it/2sA5nz,2,,"adventure, comedy, drama",2022-01-08
2022-01-13,The Town,2010,https://boxd.it/2ttrTx,5,Yes,,2022-01-10
2022-01-13,Encanto,2021,https://boxd.it/2ttubD,3,,"adventure, animation, comedy, kids, musical",2022-01-11
2022-01-13,The Remains of the Day,1993,https://boxd.it/2ttrHB,3,,"drama, oscars, podcastepisode, romance",2022-01-12
2022-01-26,Spider-Man: No Way Home,2021,https://boxd.it/2wm9kR,4,,"action, adventure, crime, scifi",2022-01-17
2022-01-20,Easy A,2010,https://boxd.it/2v8NrL,4,Yes,"comedy, romance",2022-01-19
2022-01-22,Tombstone,1993,https://boxd.it/2vrTWt,4,,"action, adventure, crime, drama, podcastepisode",2022-01-19
2022-01-23,Belfast,2021,https://boxd.it/2vKTyf,5,,"drama, war",2022-01-22
2022-01-25,Ant-Man and the Wasp,2018,https://boxd.it/2we3CJ,4,Yes,"action, adventure, crime, scifi",2022-01-24
2022-01-28,Booksmart,2019,https://boxd.it/2wJKFD,5,Yes,"podcastepisode, adventure, comedy",2022-01-26
2022-01-30,Dope,2015,https://boxd.it/2xbFd1,3,,"comedy, crime, drama",2022-01-29
2022-02-01,Hairspray,2007,https://boxd.it/2xB1EX,4,Yes,,2022-01-31
2022-02-04,In the Name of the Father,1993,https://boxd.it/2y4yl3,4,,"crime, drama, oscars, podcastepisode",2022-02-02
2022-02-07,Mean Girls,2004,https://boxd.it/2yIgHF,4,Yes,,2022-02-06
2022-02-13,Just My Luck,2006,https://boxd.it/2zJxNB,2,,"comedy, romance",2022-02-10
2022-02-13,Bo Burnham: Inside,2021,https://boxd.it/2zJypF,5,Yes,,2022-02-12
2022-02-13,Count Me In,2021,https://boxd.it/2zJyUj,4,,documentary,2022-02-12
2022-02-13,Begin Again,2013,https://boxd.it/2zLTxJ,5,,"comedy, drama, romance, musical",2022-02-12
2022-02-13,Rocketman,2019,https://boxd.it/2zN7F5,4,Yes,,2022-02-12
2022-02-15,Friendzone,2021,https://boxd.it/2A9D29,1,,"comedy, foreign language, romance",2022-02-14
2022-02-16,Philadelphia,1993,https://boxd.it/2AkGht,4,Yes,"podcastepisode, drama, oscars",2022-02-15
2022-02-17,The Mitchells vs. The Machines,2021,https://boxd.it/2Aumvl,4,,"action, adventure, animation, comedy, kids, scifi",2022-02-16
2022-02-22,Licorice Pizza,2021,https://boxd.it/2BuTsj,3,,"adventure, comedy, drama, romance",2022-02-21
2022-02-24,Black Widow,2021,https://boxd.it/2BJBM1,4,Yes,"action, adventure, scifi",2022-02-22
2022-04-14,Mrs. Doubtfire,1993,https://boxd.it/2KHmMx,4,,,2022-02-22
2022-03-04,The Half of It,2020,https://boxd.it/2D8hXx,3,,"comedy, romance",2022-02-27
2022-03-04,Dave,1993,https://boxd.it/2D87oH,5,,"podcastepisode, comedy, romance",2022-03-01
2022-03-06,Booksmart,2019,https://boxd.it/2DzDd1,5,Yes,"adventure, comedy, romance",2022-03-05
2022-03-08,Bo Burnham: Inside,2021,https://boxd.it/2DX36L,5,Yes,comedy,2022-03-06
2022-03-13,Jurassic Park,1993,https://boxd.it/2ET1c9,5,Yes,"action, adventure, classic, horror, podcastepisode",2022-03-10
2022-03-18,Unbreakable,2000,https://boxd.it/2FO3SF,4,,"action, adventure, crime, drama, movieclub",2022-03-11
2022-04-14,True Romance,1993,https://boxd.it/2KHmTD,4,,,2022-03-15
2022-03-18,Split,2016,https://boxd.it/2FO4iX,3,,"horror, scifi, action, movieclub",2022-03-17
2022-03-19,C'mon C'mon,2021,https://boxd.it/2G0t7J,3,,drama,2022-03-18
2022-03-21,West Side Story,2021,https://boxd.it/2GshUP,4,,"drama, romance, musical, oscars",2022-03-20
2022-03-24,WALL·E,2008,https://boxd.it/2H0fJN,5,Yes,"adventure, animation, comedy, scifi",2022-03-23
2022-03-25,Studio 666,2022,https://boxd.it/2H8Vj9,3,,"comedy, horror, guiltypleasure",2022-03-24
2022-03-28,King Richard,2021,https://boxd.it/2HK8n3,4,,,2022-03-25
2022-04-08,The Bad News Bears,1976,https://boxd.it/2JCo5h,4,,"comedy, classic, kids, sports",2022-03-25
2022-03-29,CODA,2021,https://boxd.it/2HUVKl,5,Yes,"comedy, drama, musical, oscars, podcastepisode, romance",2022-03-28
2022-04-01,Avengers: Infinity War,2018,https://boxd.it/2InThf,5,,"action, scifi, war",2022-03-31
2022-04-03,The Adam Project,2022,https://boxd.it/2IJ255,2,,"action, adventure, comedy, scifi",2022-04-01
2022-04-05,Avengers: Endgame,2019,https://boxd.it/2J8VL1,5,Yes,"action, adventure, drama, fantasy, scifi",2022-04-04
2022-04-08,The Piano,1993,https://boxd.it/2JCrOf,2,,"drama, podcastepisode, oscars",2022-04-05
2022-04-08,Indecent Proposal,1993,https://boxd.it/2JCrWD,3,,"drama, podcastepisode, romance",2022-04-05
2022-04-11,The Master,2012,https://boxd.it/2KaXiX,3,,"drama, oscars, movieclub",2022-04-09
2022-04-13,Schindler's List,1993,https://boxd.it/2KtYdH,5,,"classic, drama, oscars, podcastepisode, war",2022-04-11
2022-04-14,Ratatouille,2007,https://boxd.it/2KEU4j,4,Yes,"animation, comedy, kids",2022-04-12
2022-04-14,Searching for Bobby Fischer,1993,https://boxd.it/2KHnkf,4,,,2022-04-13
2022-04-15,X,2022,https://boxd.it/2KQJvR,4,,"horror, comedy, thriller",2022-04-14
2022-04-19,Zootopia,2016,https://boxd.it/2LGuvV,4,,"animation, comedy, crime, kids, movieclub",2022-04-18
2022-04-20,Sleepless in Seattle,1993,https://boxd.it/2LR43D,4,,"comedy, romance, podcastepisode",2022-04-19
2022-04-25,The Northman,2022,https://boxd.it/2MKOPX,4,,"action, fantasy, thriller, war",2022-04-24
2022-04-26,Metal Lords,2022,https://boxd.it/2MVI1T,3,,"comedy, romance",2022-04-25
2022-04-29,Star Wars: The Force Awakens,2015,https://boxd.it/2NoHCd,4,Yes,"action, adventure, podcastepisode, scifi",2022-04-27
2022-05-05,Fantastic Mr. Fox,2009,https://boxd.it/2OmYuZ,4,,"animation, adventure, comedy, crime",2022-05-01
2022-05-03,Little Women,2019,https://boxd.it/2O87gH,4,Yes,"drama, oscars, romance",2022-05-02
2022-05-05,Star Wars: The Last Jedi,2017,https://boxd.it/2Os00x,4,Yes,"action, adventure, podcastepisode, scifi",2022-05-04
2022-05-09,I Lost My Body,2019,https://boxd.it/2PepQJ,4,,"adventure, animation, drama, foreign language",2022-05-08
2022-05-10,Up,2009,https://boxd.it/2Po5QJ,4,,"adventure, animation, comedy, fantasy",2022-05-09
2022-05-13,Star Wars: The Rise of Skywalker,2019,https://boxd.it/2PQ4pX,1,Yes,"action, adventure, podcastepisode, scifi",2022-05-11
2022-05-14,Midnight in Paris,2011,https://boxd.it/2Q1nNV,3,,"comedy, drama, fantasy, romance",2022-05-13
2022-05-16,Palm Springs,2020,https://boxd.it/2QqDqX,5,Yes,"comedy, drama, fantasy, romance, scifi",2022-05-15
2022-05-21,A Knight's Tale,2001,https://boxd.it/2R8PlX,4,,,2022-05-17
2022-05-24,Baby Driver,2017,https://boxd.it/2RRhoD,5,Yes,"action, crime, romance",2022-05-23
2022-05-27,13 Going on 30,2004,https://boxd.it/2SjOj3,3,,"comedy, fantasy, romance",2022-05-23
2022-05-27,Some Like It Hot,1959,https://boxd.it/2SkqkX,4,,"classic, comedy, crime, podcastepisode",2022-05-25
2022-06-03,Scent of a Woman,1992,https://boxd.it/2TzSgt,3,,"drama, oscars, romance, podcastepisode",2022-06-01
2022-06-06,Basic Instinct,1992,https://boxd.it/2Uc0BF,3,,"crime, drama, mystery, podcastepisode, romance, thriller",2022-06-05
2022-06-13,The Breakfast Club,1985,https://boxd.it/2VoEOn,2,,"comedy, classic, romance",2022-06-11
2022-06-13,Shining Through,1992,https://boxd.it/2VoETd,1,,"drama, romance, podcastepisode, war",2022-06-12
2022-06-14,Turning Red,2022,https://boxd.it/2VCb7n,3,,"animation, comedy, fantasy, kids",2022-06-12
2022-06-15,Luca,2021,https://boxd.it/2VLBgD,4,Yes,,2022-06-14
2022-06-15,Back to the Outback,2021,https://boxd.it/2VMErB,3,,"adventure, animation, comedy, kids",2022-06-14
2022-06-16,My Little Pony: A New Generation,2021,https://boxd.it/2VWXfp,2,,"animation, comedy, fantasy, kids",2022-06-15
2022-06-28,The Crying Game,1992,https://boxd.it/2YaBvV,2,,"crime, drama, oscars, podcastepisode, romance",2022-06-21
2022-06-26,Inside Out,2015,https://boxd.it/2XQoRp,5,Yes,"animation, adventure, comedy, fantasy, kids",2022-06-25
2022-07-02,Howards End,1992,https://boxd.it/2YQha3,2,,,2022-06-29
2022-07-09,The Unbearable Weight of Massive Talent,2022,https://boxd.it/30grQp,4,,"action, comedy, crime",2022-07-08
2022-07-10,Straight Up,2019,https://boxd.it/30sNV1,4,Yes,"comedy, romance",2022-07-09
2022-07-26,Nope,2022,https://boxd.it/33Ndwj,5,,"horror, mystery, scifi, thriller",2022-07-25
2022-07-28,Elvis,2022,https://boxd.it/34uKT7,4,,"drama, musical",2022-07-27
2022-08-01,Molly's Game,2017,https://boxd.it/35lYsl,4,,"crime, drama",2022-07-31
2022-08-05,Lightyear,2022,https://boxd.it/368mrR,3,,"action, adventure, animation, scifi",2022-08-04
2022-08-08,Once,2007,https://boxd.it/36QoID,3,,"drama, romance, musical",2022-08-07
2022-08-20,Doctor Strange in the Multiverse of Madness,2022,https://boxd.it/399i9X,4,,"action, adventure, fantasy, scifi",2022-08-17
2022-08-22,The King of Staten Island,2020,https://boxd.it/39IX7X,3,Yes,,2022-08-21
2022-08-27,Knives Out,2019,https://boxd.it/3aAgOR,5,Yes,"crime, comedy, drama, thriller",2022-08-22
2022-09-02,Unforgiven,1992,https://boxd.it/3bJxeD,5,,,2022-08-31
2022-09-11,Scott Pilgrim vs. the World,2010,https://boxd.it/3dpNTP,5,Yes,"action, comedy, musical, romance, scifi",2022-09-08
2022-09-11,Thor: Love and Thunder,2022,https://boxd.it/3dpO5B,3,,"action, adventure, scifi",2022-09-09
2022-09-16,A Few Good Men,1992,https://boxd.it/3egkvb,5,,,2022-09-12
2022-09-18,I Know What You Did Last Summer,1997,https://boxd.it/3eGkPd,3,,,2022-09-17
2022-09-19,Coraline,2009,https://boxd.it/3eVSMx,4,,"adventure, fantasy, horror, kids",2022-09-18
2022-09-27,James and the Giant Peach,1996,https://boxd.it/3gq66f,2,,"adventure, animation, fantasy, musical, kids",2022-09-24
2022-09-26,Everything Everywhere All at Once,2022,https://boxd.it/3gjmkD,5,,"action, adventure, comedy, drama, foreign language, scifi",2022-09-25
2022-10-02,22 Jump Street,2014,https://boxd.it/3hs61R,4,Yes,"comedy, crime",2022-10-01
2022-10-08,Jennifer's Body,2009,https://boxd.it/3iJeZD,2,Yes,"comedy, horror",2022-10-07
2022-10-10,The Addams Family,1991,https://boxd.it/3jfLCr,3,,"comedy, horror, kids",2022-10-09
2022-10-14,Swingers,1996,https://boxd.it/3k21bd,4,,"comedy, podcastepisode, romance",2022-10-12
2022-10-18,Corpse Bride,2005,https://boxd.it/3kXF5j,3,,"animation, fantasy, horror, kids, musical, romance",2022-10-17
2022-10-20,Hook,1991,https://boxd.it/3lhhQl,3,,"adventure, comedy, fantasy, kids, podcastepisode",2022-10-19
2022-10-20,The Vast of Night,2019,https://boxd.it/3lhi1D,5,Yes,,2022-10-19
2022-10-20,The Invisible Man,2020,https://boxd.it/3lkDCB,5,Yes,"horror, mystery, scifi",2022-10-19
2022-10-26,Fear Street: 1994,2021,https://boxd.it/3mt3aX,3,,"horror, romance",2022-10-22
2022-10-26,Fear Street: 1978,2021,https://boxd.it/3mt3in,3,,"horror, romance",2022-10-23
2022-10-26,Fear Street: 1666,2021,https://boxd.it/3mt3q7,3,,"horror, romance",2022-10-24
2022-10-27,The Exorcist,1973,https://boxd.it/3mEv1L,4,Yes,"horror, classic, podcastepisode",2022-10-25
2022-10-27,The Witch,2015,https://boxd.it/3mOctV,4,Yes,"horror, drama",2022-10-26
2022-10-28,Clerks III,2022,https://boxd.it/3mYciN,4,,comedy,2022-10-27
2022-10-30,Addams Family Values,1993,https://boxd.it/3nqt3h,4,,"comedy, horror, kids, romance",2022-10-29
2022-10-31,Wendell & Wild,2022,https://boxd.it/3nGlFT,3,,"animation, comedy, horror",2022-10-30
2022-11-02,The Fly,1986,https://boxd.it/3o6qgh,4,,"horror, scifi",2022-10-31
2022-11-02,The Nightmare Before Christmas,1993,https://boxd.it/3oaoRN,4,Yes,"animation, fantasy, kids, musical, horror, holiday",2022-11-01
2022-11-03,Do Revenge,2022,https://boxd.it/3olV2Z,4,,"comedy, crime, romance",2022-11-02
2022-11-06,All Quiet on the Western Front,2022,https://boxd.it/3oYe7b,4,,"war, drama",2022-11-05
2022-11-08,This Is Spinal Tap,1984,https://boxd.it/3prFtr,4,Yes,"comedy, documentary, classic",2022-11-07
2022-11-08,Tenacious D in The Pick of Destiny,2006,https://boxd.it/3prFUx,4,Yes,"comedy, musical",2022-11-07
2022-11-08,Seeking a Friend for the End of the World,2012,https://boxd.it/3pu1l9,4,Yes,"adventure, comedy, drama, romance",2022-11-07
2022-11-11,Bugsy,1991,https://boxd.it/3q1MqL,2,,"crime, drama, oscars, romance",2022-11-09
2022-11-13,The Cable Guy,1996,https://boxd.it/3qvluL,3,Yes,"comedy, crime, thriller",2022-11-12
2022-11-17,Juno,2007,https://boxd.it/3rkzjT,5,Yes,"comedy, drama, romance",2022-11-15
2022-11-17,Boyz n the Hood,1991,https://boxd.it/3rkzgP,4,,"crime, comedy, drama",2022-11-16
2022-11-19,Thelma & Louise,1991,https://boxd.it/3rGmQJ,4,,"action, adventure, crime, drama, oscars, podcastepisode",2022-11-18
2022-11-19,Nacho Libre,2006,https://boxd.it/3rHiOh,3,,"comedy, guiltypleasure, sports",2022-11-18
2022-11-21,Hairspray,2007,https://boxd.it/3saXQB,4,Yes,"comedy, musical, romance",2022-11-19
2022-11-21,The Clapper,2017,https://boxd.it/3sb26N,1,,"comedy, drama",2022-11-20
2022-11-21,Happiest Season,2020,https://boxd.it/3sbSht,3,,"comedy, drama, romance, holiday",2022-11-20
2022-11-25,JFK,1991,https://boxd.it/3sWoDD,4,,"drama, crime, thriller",2022-11-23
2022-11-28,"Planes, Trains and Automobiles",1987,https://boxd.it/3tDN8r,4,Yes,"adventure, classic, comedy, holiday, podcastepisode",2022-11-26
2022-11-28,La La Land,2016,https://boxd.it/3tFwaf,5,Yes,"musical, romance, oscars, drama",2022-11-27
2022-11-29,Scrooged,1988,https://boxd.it/3tRCXV,4,,"classic, comedy, fantasy, holiday, podcastepisode",2022-11-28
2022-12-02,The Guardians of the Galaxy Holiday Special,2022,https://boxd.it/3unlI9,3,,"comedy, holiday, scifi",2022-11-29
2022-12-05,El Camino Christmas,2017,https://boxd.it/3v4ZI5,2,,"drama, holiday, crime, comedy",2022-12-04
2022-12-06,The Santa Clause,1994,https://boxd.it/3vazGz,2,,"comedy, fantasy, holiday, kids",2022-12-05
2022-12-08,How the Grinch Stole Christmas,2000,https://boxd.it/3vy7aX,5,Yes,"comedy, fantasy, holiday, kids, crime",2022-12-07
2022-12-15,City Slickers,1991,https://boxd.it/3x7ks5,4,,"action, adventure, comedy, classic, podcastepisode",2022-12-14
2022-12-15,Deck the Halls,2006,https://boxd.it/3xaxlR,2,,"holiday, comedy",2022-12-14
2022-12-21,The Night Before,2015,https://boxd.it/3yK8Wp,4,,"comedy, fantasy, holiday",2022-12-19
2022-12-21,It's a Wonderful Life,1946,https://boxd.it/3yK98b,5,Yes,"classic, drama, fantasy, holiday",2022-12-20
2022-12-26,How the Grinch Stole Christmas,2000,https://boxd.it/3AhiMT,5,Yes,"comedy, crime, fantasy, guiltypleasure, holiday",2022-12-25
2022-12-27,"Good Luck to You, Leo Grande",2022,https://boxd.it/3AGM0F,4,,"comedy, drama, romance",2022-12-26
2023-01-01,Avatar: The Way of Water,2022,https://boxd.it/3Cx2ap,4,,,2022-12-27
2023-01-02,Glass Onion: A Knives Out Mystery,2022,https://boxd.it/3CYLyb,4,,"crime, drama, comedy",2022-12-29
2023-01-02,The Gay Divorcee,1934,https://boxd.it/3CU7JZ,3,,,2023-01-01
2023-01-03,Marcel the Shell with Shoes On,2021,https://boxd.it/3Dvg8d,4,,"animation, comedy, documentary",2023-01-02
2023-01-04,Frances Ha,2012,https://boxd.it/3DVEjL,3,,"comedy, drama",2023-01-04
2023-01-08,The Banshees of Inisherin,2022,https://boxd.it/3FbVKZ,4,,"comedy, drama",2023-01-07
2023-01-12,Hudson Hawk,1991,https://boxd.it/3GOaLX,3,,"comedy, crime, podcastepisode, romance, guiltypleasure",2023-01-11
2023-01-12,Groundhog Day,1993,https://boxd.it/3GRSJd,4,Yes,"classic, comedy, fantasy, podcastepisode, romance",2023-01-11
2023-01-16,The Whale,2022,https://boxd.it/3Ic8Tx,4,,drama,2023-01-14
2023-01-20,The Prince of Tides,1991,https://boxd.it/3JmSoJ,3,,"drama, podcastepisode, romance, oscars",2023-01-18
2023-01-20,Robin Hood: Prince of Thieves,1991,https://boxd.it/3JmSwX,3,,"action, adventure, podcastepisode",2023-01-18
2023-01-23,Terminator 2: Judgment Day,1991,https://boxd.it/3KAGOn,5,Yes,"action, scifi, podcastepisode",2023-01-22
2023-01-28,Top Gun: Maverick,2022,https://boxd.it/3M5PlF,4,,"action, drama, oscars, war",2023-01-27
2023-01-29,Bullet Train,2022,https://boxd.it/3MhB1v,4,,"action, comedy",2023-01-28
2023-01-30,Babylon,2022,https://boxd.it/3MOKfd,5,,"drama, oscars, romance",2023-01-29
2023-02-04,TÁR,2022,https://boxd.it/3OdKLn,4,,"drama, oscars",2023-02-03
2023-02-06,Bo Burnham: Inside,2021,https://boxd.it/3OLIAF,5,Yes,comedy,2023-02-04
2023-02-06,Begin Again,2013,https://boxd.it/3OZpil,5,Yes,"drama, movieclub, romance, musical",2023-02-05
2023-02-10,The Silence of the Lambs,1991,https://boxd.it/3PYjo5,5,Yes,"crime, drama, horror, podcastepisode, oscars, mystery, thriller",2023-02-08
2023-02-11,The Menu,2022,https://boxd.it/3QeNcP,4,,"horror, thriller, mystery",2023-02-10
2023-02-13,The Fabelmans,2022,https://boxd.it/3QQAU1,4,,"drama, oscars",2023-02-11
