Date,Name,Year,Letterboxd URI,Rating
2020-01-12,Get Out,2017,https://boxd.it/eOCm,4
2020-01-12,Avengers: Infinity War,2018,https://boxd.it/9vEe,5
2020-01-12,La La Land,2016,https://boxd.it/a5fa,5
2020-01-12,The Dark Knight,2008,https://boxd.it/2b0k,5
2020-01-12,Mad Max: Fury Road,2015,https://boxd.it/2DjO,4
2020-01-12,Lady Bird,2017,https://boxd.it/dGNE,4
2020-01-12,Avengers: Endgame,2019,https://boxd.it/9vE4,5
2020-01-12,Inception,2010,https://boxd.it/1skk,5
2020-01-12,Baby Driver,2017,https://boxd.it/bhF2,5
2020-01-12,Star Wars: The Force Awakens,2015,https://boxd.it/4vru,4
2020-01-12,Interstellar,2014,https://boxd.it/4VZ8,4
2020-01-12,Once Upon a Time… in Hollywood,2019,https://boxd.it/gH0O,4
2020-01-12,Guardians of the Galaxy,2014,https://boxd.it/3VH2,4
2020-01-12,Her,2013,https://boxd.it/4O24,4
2020-01-12,Whiplash,2014,https://boxd.it/7bQA,5
2020-01-12,Inglourious Basterds,2009,https://boxd.it/1JzG,5
2020-01-12,Thor: Ragnarok,2017,https://boxd.it/8MHi,4
2020-01-12,Gone Girl,2014,https://boxd.it/6hQu,3.5
2020-01-12,Dunkirk,2017,https://boxd.it/d0Y6,3.5
2020-01-12,Moonlight,2016,https://boxd.it/d6bE,4
2020-01-12,Call Me by Your Name,2017,https://boxd.it/dYmm,4
2020-01-12,Django Unchained,2012,https://boxd.it/2cCk,4
2020-01-12,Spider-Man: Homecoming,2017,https://boxd.it/aboM,5
2020-01-12,Deadpool,2016,https://boxd.it/9fOC,4
2020-02-05,1917,2019,https://boxd.it/jj4y,5
2020-02-05,Little Women,2019,https://boxd.it/aSVk,4
2020-02-05,Jojo Rabbit,2019,https://boxd.it/iEBG,5
2020-02-05,The Lighthouse,2019,https://boxd.it/icFU,4
2020-04-22,Onward,2020,https://boxd.it/io92,4
2020-06-29,The King of Staten Island,2020,https://boxd.it/litG,3
2020-06-29,Knives Out,2019,https://boxd.it/jWEA,5
2020-07-15,Hamilton,2020,https://boxd.it/kmvE,4
2020-07-15,WALL·E,2008,https://boxd.it/1VEo,5
2020-07-15,"Monsters, Inc.",2001,https://boxd.it/2a46,4
2020-09-02,Tenet,2020,https://boxd.it/leq4,4
2020-09-04,Harry Potter and the Order of the Phoenix,2007,https://boxd.it/29Qe,4
2020-09-10,Black Panther,2018,https://boxd.it/8MHs,3
2020-09-10,Snowpiercer,2013,https://boxd.it/3Icg,4
2020-09-28,The Hurt Locker,2008,https://boxd.it/1Soi,4
2020-10-29,Nosferatu,1922,https://boxd.it/29TM,2
2020-10-31,The Killing of a Sacred Deer,2017,https://boxd.it/dZ5G,3
2020-11-03,Hairspray,2007,https://boxd.it/261M,4
2020-11-10,The Trial of the Chicago 7,2020,https://boxd.it/kn3w,5
2020-11-12,Eighth Grade,2018,https://boxd.it/hDMG,5
2020-11-12,Superbad,2007,https://boxd.it/20hO,5
2020-11-12,Honey Boy,2019,https://boxd.it/ixvm,3
2020-11-12,Step Brothers,2008,https://boxd.it/1SsE,4
2020-11-12,A Goofy Movie,1995,https://boxd.it/1Lwu,2
2020-11-12,School of Rock,2003,https://boxd.it/28xK,5
2020-11-12,Fight Club,1999,https://boxd.it/2a9q,4
2020-11-12,Harry Potter and the Deathly Hallows: Part 2,2011,https://boxd.it/1RYk,4
2020-11-12,Harry Potter and the Deathly Hallows: Part 1,2010,https://boxd.it/1RYu,4
2020-11-12,Harry Potter and the Half-Blood Prince,2009,https://boxd.it/29FU,4
2020-11-12,Blades of Glory,2007,https://boxd.it/1Xrm,3
2020-11-12,A Bug's Life,1998,https://boxd.it/1Yyy,3
2020-11-12,Kill Your Darlings,2013,https://boxd.it/4VRS,2
2020-11-12,Rush,2013,https://boxd.it/3lyS,4
2020-11-12,The Place Beyond the Pines,2012,https://boxd.it/3mDu,4
2020-11-12,Harry Potter and the Goblet of Fire,2005,https://boxd.it/29Qo,3
2020-11-12,Harry Potter and the Prisoner of Azkaban,2004,https://boxd.it/29Qy,4
2020-11-12,Up in the Air,2009,https://boxd.it/1zPY,5
2020-11-12,Due Date,2010,https://boxd.it/YFs,3
2020-11-12,The Social Network,2010,https://boxd.it/17ue,5
2020-11-12,Mulan,1998,https://boxd.it/1VFw,5
2020-11-12,"I Love You, Man",2009,https://boxd.it/1JZu,5
2020-11-12,Crazy Rich Asians,2018,https://boxd.it/gfnK,3
2020-11-12,Harry Potter and the Chamber of Secrets,2002,https://boxd.it/29QI,3
2020-11-12,Harry Potter and the Philosopher's Stone,2001,https://boxd.it/29QS,3
2020-11-12,Zodiac,2007,https://boxd.it/27MO,4
2020-11-12,A League of Their Own,1992,https://boxd.it/1UdG,3
2020-11-12,American Ultra,2015,https://boxd.it/7KXc,4
2020-11-12,Shine,1996,https://boxd.it/20MC,3
2020-11-12,The Goonies,1985,https://boxd.it/1YVC,3
2020-11-12,Independence Day,1996,https://boxd.it/2a1w,3
2020-11-12,Secrets & Lies,1996,https://boxd.it/1UuC,2
2020-11-12,Jerry Maguire,1996,https://boxd.it/1YNS,3
2020-11-12,This Is the End,2013,https://boxd.it/3GB4,3
2020-11-12,Matilda,1996,https://boxd.it/1VhY,3
2020-11-12,A Time to Kill,1996,https://boxd.it/28pc,4
2020-11-12,12 Angry Men,1957,https://boxd.it/2auI,5
2020-11-12,Fargo,1996,https://boxd.it/2aHM,5
2020-11-12,American Hustle,2013,https://boxd.it/5dz8,4
2020-11-12,Scream,1996,https://boxd.it/24EC,3
2020-11-12,The Incredibles,2004,https://boxd.it/1XLm,5
2020-11-12,The English Patient,1996,https://boxd.it/2arE,2
2020-11-12,Face/Off,1997,https://boxd.it/29I0,4
2020-11-12,Juno,2007,https://boxd.it/210a,5
2020-11-12,District 9,2009,https://boxd.it/1Iik,5
2020-11-12,The Rock,1996,https://boxd.it/1XM0,3
2020-11-12,Howl's Moving Castle,2004,https://boxd.it/23De,3
2020-11-12,Donnie Darko,2001,https://boxd.it/2b2A,3
2020-11-12,Swiss Army Man,2016,https://boxd.it/bDG2,3
2020-11-12,Office Space,1999,https://boxd.it/28Em,4
2020-11-12,Michael Clayton,2007,https://boxd.it/2466,5
2020-11-12,The Lives of Others,2006,https://boxd.it/2a4A,5
2020-11-12,Skyfall,2012,https://boxd.it/17Fc,4
2020-11-12,The Prestige,2006,https://boxd.it/293w,5
2020-11-12,Return of the Jedi,1983,https://boxd.it/27Vm,3
2020-11-12,Edge of Tomorrow,2014,https://boxd.it/4pD0,4
2020-11-12,The Princess Bride,1987,https://boxd.it/26EY,3
2020-11-12,Prisoners,2013,https://boxd.it/4E5i,5
2020-11-12,National Treasure,2004,https://boxd.it/27x0,2
2020-11-12,The Empire Strikes Back,1980,https://boxd.it/27Vw,5
2020-11-12,Star Wars: Episode I - The Phantom Menace,1999,https://boxd.it/27Vc,3
2020-11-12,Star Wars: Episode II - Attack of the Clones,2002,https://boxd.it/27V2,2
2020-11-12,Star Wars: Episode III - Revenge of the Sith,2005,https://boxd.it/27US,3
2020-11-12,Monty Python and the Holy Grail,1975,https://boxd.it/29GI,4
2020-11-12,Lars and the Real Girl,2007,https://boxd.it/21tG,4
2020-11-12,Casino Royale,2006,https://boxd.it/1alk,4
2020-11-12,Quantum of Solace,2008,https://boxd.it/1Vs8,3
2020-11-12,Star Wars,1977,https://boxd.it/72s,4
2020-11-12,A Clockwork Orange,1971,https://boxd.it/2aVE,4
2020-11-12,2001: A Space Odyssey,1968,https://boxd.it/2bf0,4
2020-11-12,The Shining,1980,https://boxd.it/29Nu,4
2020-11-12,The Royal Tenenbaums,2001,https://boxd.it/1YHU,3
2020-11-12,The Grand Budapest Hotel,2014,https://boxd.it/3ZqO,3
2020-11-12,Horrible Bosses,2011,https://boxd.it/Ba2,4
2020-11-12,The Italian Job,2003,https://boxd.it/1Y86,3
2020-11-12,Collateral,2004,https://boxd.it/28F0,5
2020-11-12,Spirited Away,2001,https://boxd.it/2b4m,3
2020-11-12,The Revenant,2015,https://boxd.it/8H5e,4
2020-11-12,Rocketman,2019,https://boxd.it/iehK,4
2020-11-12,Yesterday,2019,https://boxd.it/iF7M,3
2020-11-12,Good Will Hunting,1997,https://boxd.it/2ahY,5
2020-11-12,Saving Private Ryan,1998,https://boxd.it/29ro,5
2020-11-12,The Town,2010,https://boxd.it/1zyS,5
2020-11-12,Eternal Sunshine of the Spotless Mind,2004,https://boxd.it/6YK,5
2020-11-12,Memento,2000,https://boxd.it/2bcK,5
2020-11-12,Moneyball,2011,https://boxd.it/glS,5
2020-11-12,Forrest Gump,1994,https://boxd.it/728,5
2020-11-12,Life Is Beautiful,1997,https://boxd.it/29Wm,5
2020-11-12,It's a Wonderful Life,1946,https://boxd.it/28xA,5
2020-11-12,The Departed,2006,https://boxd.it/28MA,5
2020-11-12,Shaun of the Dead,2004,https://boxd.it/29J8,5
2020-11-12,Liar Liar,1997,https://boxd.it/28sg,5
2020-11-12,Titanic,1997,https://boxd.it/2a2k,3
2020-11-12,Parasite,2019,https://boxd.it/hTha,5
2020-11-12,The Simpsons Movie,2007,https://boxd.it/6YU,4
2020-11-12,I Am Legend,2007,https://boxd.it/21DG,4
2020-11-12,Contagion,2011,https://boxd.it/13rq,4
2020-11-12,L.A. Confidential,1997,https://boxd.it/27oC,4
2020-11-12,The Full Monty,1997,https://boxd.it/1YI4,3
2020-11-12,As Good as It Gets,1997,https://boxd.it/268y,3
2020-11-12,Looper,2012,https://boxd.it/ham,5
2020-11-12,Marriage Story,2019,https://boxd.it/hJAw,5
2020-11-12,Booksmart,2019,https://boxd.it/igNS,5
2020-11-12,Us,2019,https://boxd.it/gnV6,4
2020-11-12,The Farewell,2019,https://boxd.it/kIky,4
2020-11-12,Casablanca,1942,https://boxd.it/2aG0,5
2020-11-12,Tremors,1990,https://boxd.it/1YSe,3
2020-11-12,Drag Me to Hell,2009,https://boxd.it/1Jzw,3
2020-11-12,Mean Girls,2004,https://boxd.it/1VNg,4
2020-11-12,Stranger Than Fiction,2006,https://boxd.it/28Za,4
2020-11-12,Spotlight,2015,https://boxd.it/a84k,4
2020-11-12,Annihilation,2018,https://boxd.it/9yzm,5
2020-11-12,A Quiet Place,2018,https://boxd.it/fVJQ,5
2020-11-12,The Favourite,2018,https://boxd.it/d2hI,4
2020-11-12,Widows,2018,https://boxd.it/e6gc,4
2020-11-12,Roma,2018,https://boxd.it/f69M,4
2020-11-12,Ex Machina,2014,https://boxd.it/7T2k,5
2020-11-12,"Three Billboards Outside Ebbing, Missouri",2017,https://boxd.it/ceBS,5
2020-11-12,Wind River,2017,https://boxd.it/dR3i,5
2020-11-12,Blade Runner 2049,2017,https://boxd.it/b8wK,5
2020-11-12,The Shape of Water,2017,https://boxd.it/dZ5m,4
2020-11-12,The Disaster Artist,2017,https://boxd.it/cTqc,4
2020-11-12,Wonder Woman,2017,https://boxd.it/9roG,4
2020-11-12,Logan,2017,https://boxd.it/7Piy,4
2020-11-12,Coco,2017,https://boxd.it/bYJQ,4
2020-11-12,Boogie Nights,1997,https://boxd.it/23um,4
2020-11-12,Hercules,1997,https://boxd.it/1SDW,4
2020-11-12,The Game,1997,https://boxd.it/26vC,4
2020-11-12,Jackie Brown,1997,https://boxd.it/2aVO,4
2020-11-12,Men in Black,1997,https://boxd.it/2a0I,4
2020-11-12,Happy Gilmore,1996,https://boxd.it/1Yey,3
2020-11-12,Batman Begins,2005,https://boxd.it/2aIg,5
2020-11-12,Inside Out,2015,https://boxd.it/4KHC,5
2020-11-12,Toy Story 2,1999,https://boxd.it/29qq,5
2020-11-12,Finding Nemo,2003,https://boxd.it/72i,5
2020-11-12,Pulp Fiction,1994,https://boxd.it/29Pq,5
2020-11-12,What We Do in the Shadows,2014,https://boxd.it/7eQy,4
2020-11-12,The Witch,2015,https://boxd.it/9X0m,4
2020-11-12,Before Sunset,2004,https://boxd.it/2bcg,5
2020-11-12,The Social Dilemma,2020,https://boxd.it/opQI,5
2020-11-15,Holes,2003,https://boxd.it/20mE,3
2020-11-16,Moon,2009,https://boxd.it/1IGQ,4
2020-11-18,Spider-Man 3,2007,https://boxd.it/2a7Y,2
2020-11-22,Charlie and the Chocolate Factory,2005,https://boxd.it/2b68,2
2020-11-22,The Good Dinosaur,2015,https://boxd.it/3AD4,3
2020-11-23,The Martian,2015,https://boxd.it/8SeG,5
2020-11-25,Die Hard 2,1990,https://boxd.it/28zw,2
2020-11-26,Back to the Future,1985,https://boxd.it/2b8e,5
2020-11-29,The Queen's Gambit,2020,https://boxd.it/s1Ym,4
2020-12-01,Spider-Man: Into the Spider-Verse,2018,https://boxd.it/azpY,5
2020-12-03,Back to the Future Part II,1989,https://boxd.it/2aYI,4
2020-12-07,Dick Johnson Is Dead,2020,https://boxd.it/oigy,5
2020-12-09,Cars,2006,https://boxd.it/29ho,3
2020-12-09,Sound of Metal,2019,https://boxd.it/i7Q4,4
2020-12-13,Eight Crazy Nights,2002,https://boxd.it/1Qjg,1
2020-12-14,Elf,2003,https://boxd.it/1VyK,4
2020-12-14,Back to the Future Part III,1990,https://boxd.it/2aTS,4
2020-12-16,Rogue One: A Star Wars Story,2016,https://boxd.it/aPvy,3
2020-12-16,Pawn Sacrifice,2014,https://boxd.it/7dlE,4
2020-12-16,Goon,2011,https://boxd.it/2B6o,4
2020-12-25,Miracle on 34th Street,1947,https://boxd.it/1SRu,4
2021-01-02,Catch Me If You Can,2002,https://boxd.it/29VS,5
2021-01-03,Da 5 Bloods,2020,https://boxd.it/lnXw,3
2021-01-03,Mank,2020,https://boxd.it/mIuC,3
2021-01-06,BlacKkKlansman,2018,https://boxd.it/hxL8,4
2021-01-06,The Emperor's New Groove,2000,https://boxd.it/1Tey,3
2021-01-06,Soul,2020,https://boxd.it/ioLA,4
2021-01-06,A Simple Favor,2018,https://boxd.it/hq92,2
2021-01-11,Boys State,2020,https://boxd.it/oiNW,4
2021-01-11,Bridge of Spies,2015,https://boxd.it/9n9C,4
2021-01-13,Joker,2019,https://boxd.it/h4cS,3
2021-01-18,The Room,2003,https://boxd.it/1ICY,3
2021-01-22,The Devil All the Time,2020,https://boxd.it/i2tY,3
2021-01-23,Pieces of a Woman,2020,https://boxd.it/nOrQ,4
2021-01-24,Straight Up,2019,https://boxd.it/mhGQ,4
2021-01-25,Promising Young Woman,2020,https://boxd.it/loRE,4
2021-01-26,Palm Springs,2020,https://boxd.it/lCXQ,5
2021-01-26,The Godfather,1972,https://boxd.it/2aNK,5
2021-01-26,The Godfather: Part II,1974,https://boxd.it/2aNq,4
2021-02-04,Mangrove,2020,https://boxd.it/qEAa,5
2021-02-17,Captain America: The First Avenger,2011,https://boxd.it/28b0,4
2021-02-18,Twelve Monkeys,1995,https://boxd.it/2beQ,4
2021-02-22,I Care a Lot,2020,https://boxd.it/mcHk,3
2021-02-24,Stir of Echoes,1999,https://boxd.it/1Ts6,2
2021-02-25,Pleasantville,1998,https://boxd.it/26uY,3
2021-03-03,Kubo and the Two Strings,2016,https://boxd.it/a4wE,4
2021-03-07,Sunshine,2007,https://boxd.it/28Xy,3
2021-03-11,The Perks of Being a Wallflower,2012,https://boxd.it/2ZA8,4
2021-03-17,Across the Universe,2007,https://boxd.it/23X4,3
2021-03-17,Captain Marvel,2019,https://boxd.it/9vSA,3
2021-03-17,Iron Man,2008,https://boxd.it/28dA,5
2021-03-17,The Usual Suspects,1995,https://boxd.it/29XE,4
2021-03-17,Se7en,1995,https://boxd.it/29zs,5
2021-03-17,Waterworld,1995,https://boxd.it/1XLG,3
2021-03-17,Die Hard: With a Vengeance,1995,https://boxd.it/28zG,4
2021-03-18,Apollo 13,1995,https://boxd.it/2a6G,5
2021-03-24,Old School,2003,https://boxd.it/1TmM,4
2021-03-24,Iron Man 2,2010,https://boxd.it/1WZM,3
2021-03-24,Thor,2011,https://boxd.it/1WQU,3
2021-03-28,The Avengers,2012,https://boxd.it/1xFW,4
2021-03-28,Master and Commander: The Far Side of the World,2003,https://boxd.it/200S,4
2021-03-28,Tag,2018,https://boxd.it/gh7Y,4
2021-04-01,Life as a House,2001,https://boxd.it/1TO2,2
2021-04-01,Iron Man 3,2013,https://boxd.it/2cBQ,4
2021-04-04,The Lego Movie 2: The Second Part,2019,https://boxd.it/8BAU,3
2021-04-04,Anchorman: The Legend of Ron Burgundy,2004,https://boxd.it/1ZVo,4
2021-04-04,Galaxy Quest,1999,https://boxd.it/29gq,4
2021-04-08,Thor: The Dark World,2013,https://boxd.it/2DqA,3
2021-04-08,Captain America: The Winter Soldier,2014,https://boxd.it/3r58,5
2021-04-08,Bad Trip,2021,https://boxd.it/lgRG,1
2021-04-08,The Postman,1994,https://boxd.it/1URG,2
2021-04-12,Guardians of the Galaxy Vol. 2,2017,https://boxd.it/8MxC,4
2021-04-12,Nomadland,2020,https://boxd.it/lnRy,3
2021-04-12,Mr. Holland's Opus,1995,https://boxd.it/27xO,4
2021-04-12,Rounders,1998,https://boxd.it/1WMS,4
2021-04-14,Crimson Tide,1995,https://boxd.it/1ZuM,5
2021-04-14,Avengers: Age of Ultron,2015,https://boxd.it/3qi6,4
2021-04-14,Sense and Sensibility,1995,https://boxd.it/244E,4
2021-04-14,Braveheart,1995,https://boxd.it/2aTI,3
2021-04-14,Babe,1995,https://boxd.it/1Yh8,3
2021-04-16,Ant-Man,2015,https://boxd.it/3vmW,3
2021-04-21,Love and Monsters,2020,https://boxd.it/lJ6E,3
2021-04-21,The American President,1995,https://boxd.it/1Zce,4
2021-04-21,Captain America: Civil War,2016,https://boxd.it/89Ja,5
2021-04-22,Wolfwalkers,2020,https://boxd.it/fGrC,4
2021-04-28,The Father,2020,https://boxd.it/m8Ie,4
2021-05-17,Enemy,2013,https://boxd.it/5xtO,4
2021-05-21,Bad Words,2013,https://boxd.it/6g1A,3
2021-05-28,Sing Street,2016,https://boxd.it/cOo6,4
2021-06-03,(500) Days of Summer,2009,https://boxd.it/1EmM,4
2021-06-03,Four Weddings and a Funeral,1994,https://boxd.it/29KA,4
2021-06-03,Strangers on a Train,1951,https://boxd.it/29tk,3
2021-06-06,Rear Window,1954,https://boxd.it/2a6Q,4
2021-06-10,True Lies,1994,https://boxd.it/19pq,2
2021-06-13,Ammonite,2020,https://boxd.it/kQpQ,3
2021-06-17,Color of Night,1994,https://boxd.it/27nO,1
2021-06-18,Safety Not Guaranteed,2012,https://boxd.it/2Y3M,4
2021-06-20,Uptown Girls,2003,https://boxd.it/1N64,2
2021-06-24,The Shawshank Redemption,1994,https://boxd.it/2aHi,5
2021-06-24,A Quiet Place Part II,2020,https://boxd.it/iTx0,3
2021-06-26,An Honest Liar,2014,https://boxd.it/7NJM,4
2021-06-30,She's the Man,2006,https://boxd.it/1Y7W,2
2021-07-01,Good on Paper,2021,https://boxd.it/v1PU,2
2021-07-04,Okja,2017,https://boxd.it/dvXe,4
2021-07-09,The Lion King,1994,https://boxd.it/201Q,5
2021-07-09,Black Widow,2021,https://boxd.it/hWV8,4
2021-07-14,The Way Way Back,2013,https://boxd.it/4Gwq,4
2021-07-23,The Birdcage,1996,https://boxd.it/1UTi,4
2021-08-01,Fired Up!,2009,https://boxd.it/1HPi,2
2021-08-01,Quiz Show,1994,https://boxd.it/1TPa,4
2021-08-03,Luca,2021,https://boxd.it/ipjC,4
2021-08-05,Brave,2012,https://boxd.it/bVG,3
2021-08-06,The Florida Project,2017,https://boxd.it/dMG0,4
2021-08-08,The Beach,2000,https://boxd.it/27T6,2
2021-08-09,Eat Drink Man Woman,1994,https://boxd.it/1Wem,4
2021-08-10,Speed,1994,https://boxd.it/28qk,4
2021-08-11,Dumb and Dumber,1994,https://boxd.it/206m,5
2021-08-11,Incredibles 2,2018,https://boxd.it/7IPg,3
2021-08-11,Interview with the Vampire,1994,https://boxd.it/29XO,3
2021-08-13,Clerks,1994,https://boxd.it/2706,4
2021-08-18,Toy Story,1995,https://boxd.it/29qA,4
2021-08-20,Mr. Right,2015,https://boxd.it/aZkK,2
2021-08-26,Ratatouille,2007,https://boxd.it/27ww,4
2021-08-28,Mallrats,1995,https://boxd.it/26ZW,3
2021-09-03,Chasing Amy,1997,https://boxd.it/274W,4
2021-09-06,Hard Candy,2005,https://boxd.it/26vs,4
2021-09-06,Toy Story 3,2010,https://boxd.it/1WRe,5
2021-09-10,Doctor Strange,2016,https://boxd.it/8MH8,4
2021-09-11,Shang-Chi and the Legend of the Ten Rings,2021,https://boxd.it/kLDI,4
2021-09-12,The Dead Don't Die,2019,https://boxd.it/juZg,2
2021-09-17,The Vast of Night,2019,https://boxd.it/kJyc,5
2021-09-17,Villains,2019,https://boxd.it/isnC,2
2021-09-20,Dogma,1999,https://boxd.it/284e,4
2021-09-30,Straight Outta Compton,2015,https://boxd.it/8rMc,4
2021-09-30,Jay and Silent Bob Strike Back,2001,https://boxd.it/26ZM,3
2021-10-02,Clerks II,2006,https://boxd.it/26ZC,3
2021-10-03,Beetlejuice,1988,https://boxd.it/24QI,3
2021-10-03,Britney vs. Spears,2021,https://boxd.it/u0TE,3
2021-10-15,Corpse Bride,2005,https://boxd.it/24WQ,3
2021-10-15,Jay and Silent Bob Reboot,2019,https://boxd.it/fFvS,1
2021-10-29,Arrival,2016,https://boxd.it/aNGk,5
2021-11-05,Dune,2021,https://boxd.it/fA7G,4
2021-11-05,Halloweentown,1998,https://boxd.it/1qPq,1
2021-11-08,Best in Show,2000,https://boxd.it/1Pqq,3
2021-11-15,Kiss Kiss Bang Bang,2005,https://boxd.it/23c8,4
2021-11-18,Das Boot,1981,https://boxd.it/2av2,4
2021-11-18,Eternals,2021,https://boxd.it/j36o,3
2021-11-22,CODA,2021,https://boxd.it/tbf4,5
2021-11-22,The Card Counter,2021,https://boxd.it/nTH0,2
2021-11-22,Bo Burnham: Inside,2021,https://boxd.it/v2uy,5
2021-11-26,Starship Troopers,1997,https://boxd.it/2a7k,3
2021-11-27,Spencer,2021,https://boxd.it/qPMG,3
2021-12-02,The Secret Life of Walter Mitty,2013,https://boxd.it/3SWy,3
2021-12-02,Sorry to Bother You,2018,https://boxd.it/f21E,4
2021-12-06,Home Sweet Home Alone,2021,https://boxd.it/om1C,1
2021-12-08,Toy Story 4,2019,https://boxd.it/9ALu,4
2021-12-13,The Holiday,2006,https://boxd.it/28ye,3
2021-12-16,Pan's Labyrinth,2006,https://boxd.it/28No,4
2021-12-18,West Side Story,1961,https://boxd.it/28dK,4
2021-12-21,Die Hard,1988,https://boxd.it/2a7u,5
2021-12-28,Don't Look Up,2021,https://boxd.it/o0Hc,3
2021-12-29,8-Bit Christmas,2021,https://boxd.it/uckc,3
2021-12-29,The Power of the Dog,2021,https://boxd.it/m99E,4
2021-12-31,"Where'd You Go, Bernadette",2019,https://boxd.it/efuC,3
2021-12-31,Con Air,1997,https://boxd.it/28gO,3
2022-01-03,Beautiful Boy,2018,https://boxd.it/g76Q,4
2022-01-03,Death to 2021,2021,https://boxd.it/yj28,2
2022-01-03,The Squid and the Whale,2005,https://boxd.it/1VAG,4
2022-01-10,Zola,2020,https://boxd.it/jEWQ,2
2022-01-13,The Fugitive,1993,https://boxd.it/230G,4
2022-01-13,Encanto,2021,https://boxd.it/kPRu,3
2022-01-18,Spider-Man: Far from Home,2019,https://boxd.it/fegG,4
2022-01-20,Easy A,2010,https://boxd.it/17DK,4
2022-01-25,Ant-Man and the Wasp,2018,https://boxd.it/cqUW,4
2022-01-26,Spider-Man: No Way Home,2021,https://boxd.it/nwRw,4
2022-01-28,The Remains of the Day,1993,https://boxd.it/291A,3
2022-01-28,Tombstone,1993,https://boxd.it/1SE6,4
2022-01-28,Belfast,2021,https://boxd.it/tefG,5
2022-01-30,Dope,2015,https://boxd.it/9Tho,3
2022-02-07,In the Name of the Father,1993,https://boxd.it/20I6,4
2022-02-13,Just My Luck,2006,https://boxd.it/1XgS,2
2022-02-13,Count Me In,2021,https://boxd.it/tto4,4
2022-02-13,Begin Again,2013,https://boxd.it/5Ybs,5
2022-02-15,Friendzone,2021,https://boxd.it/wNvA,1
2022-02-17,The Mitchells vs. The Machines,2021,https://boxd.it/i7xm,4
2022-02-21,Philadelphia,1993,https://boxd.it/1XMk,4
2022-02-23,Licorice Pizza,2021,https://boxd.it/qTKY,3
2022-03-04,The Half of It,2020,https://boxd.it/m0T4,3
2022-03-08,Dave,1993,https://boxd.it/1Txq,5
2022-03-18,Jurassic Park,1993,https://boxd.it/2aA2,5
2022-03-18,Unbreakable,2000,https://boxd.it/1XV2,4
2022-03-18,Split,2016,https://boxd.it/dgSy,3
2022-03-19,C'mon C'mon,2021,https://boxd.it/nrI0,3
2022-03-21,West Side Story,2021,https://boxd.it/iwt0,4
2022-03-25,Studio 666,2022,https://boxd.it/xPEw,3
2022-03-28,King Richard,2021,https://boxd.it/mJZ2,4
2022-04-03,The Adam Project,2022,https://boxd.it/q2Dg,2
2022-04-11,The Master,2012,https://boxd.it/2cBG,3
2022-04-11,The Bad News Bears,1976,https://boxd.it/1zb0,4
2022-04-12,Indecent Proposal,1993,https://boxd.it/24h4,3
2022-04-14,The Piano,1993,https://boxd.it/29Kq,2
2022-04-14,Mrs. Doubtfire,1993,https://boxd.it/29Cw,4
2022-04-14,True Romance,1993,https://boxd.it/2aBa,4
2022-04-14,Searching for Bobby Fischer,1993,https://boxd.it/1OmW,4
2022-04-15,X,2022,https://boxd.it/sxVa,4
2022-04-20,Schindler's List,1993,https://boxd.it/2aq2,5
2022-04-20,Sleepless in Seattle,1993,https://boxd.it/29re,4
2022-04-25,Zootopia,2016,https://boxd.it/84xS,4
2022-04-26,Metal Lords,2022,https://boxd.it/rLTA,3
2022-05-05,The Northman,2022,https://boxd.it/nK2s,4
2022-05-09,I Lost My Body,2019,https://boxd.it/lAYs,4
2022-05-10,Up,2009,https://boxd.it/1OEc,4
2022-05-14,Midnight in Paris,2011,https://boxd.it/i4a,3
2022-05-14,Fantastic Mr. Fox,2009,https://boxd.it/1WyQ,4
2022-05-23,Star Wars: The Last Jedi,2017,https://boxd.it/5xme,4
2022-05-23,Star Wars: The Rise of Skywalker,2019,https://boxd.it/5xlK,1
2022-05-26,Deadpool 2,2018,https://boxd.it/dlLM,3
2022-05-26,Léon: The Professional,1994,https://boxd.it/2b8S,2
2022-05-26,Nightcrawler,2014,https://boxd.it/780m,5
2022-05-26,Being John Malkovich,1999,https://boxd.it/2ahu,4
2022-05-26,Free Fire,2016,https://boxd.it/b2Ig,3
2022-05-26,Reign of Fire,2002,https://boxd.it/21QA,2
2022-05-26,Scarface,1983,https://boxd.it/2b7g,3
2022-05-26,Infernal Affairs,2002,https://boxd.it/1Vqw,3
2022-05-26,Aliens,1986,https://boxd.it/29PA,4
2022-05-26,Full Metal Jacket,1987,https://boxd.it/2a1Q,3
2022-05-26,The Great Escape,1963,https://boxd.it/22kA,2
2022-05-26,The Last of the Mohicans,1992,https://boxd.it/1YSo,3
2022-05-26,When Harry Met Sally...,1989,https://boxd.it/29W2,4
2022-05-26,Major League,1989,https://boxd.it/1Xts,3
2022-05-26,42,2013,https://boxd.it/3GBo,3
2022-05-26,EuroTrip,2004,https://boxd.it/1YTQ,3
2022-05-26,Road to Perdition,2002,https://boxd.it/24Lo,3
2022-05-26,Point Break,1991,https://boxd.it/2958,3
2022-05-26,The Truman Show,1998,https://boxd.it/18U8,5
2022-05-26,Drive,2011,https://boxd.it/IG,4
2022-05-26,Almost Famous,2000,https://boxd.it/29CQ,4
2022-05-26,Triple Frontier,2019,https://boxd.it/dZUO,4
2022-05-26,Heat,1995,https://boxd.it/2bg8,4
2022-05-26,Ocean's Eleven,2001,https://boxd.it/2aZm,4
2022-05-26,Elizabeth,1998,https://boxd.it/24cS,3
2022-05-26,Shakespeare in Love,1998,https://boxd.it/27Pe,3
2022-05-26,The Thin Red Line,1998,https://boxd.it/1ZTM,3
2022-05-26,Pacific Rim,2013,https://boxd.it/2cB2,3
2022-05-26,Road House,1989,https://boxd.it/1X0g,2
2022-05-26,Hereditary,2018,https://boxd.it/hNVe,3
2022-05-26,Fury,2014,https://boxd.it/6JwC,3
2022-05-26,The Cable Guy,1996,https://boxd.it/1XAI,3
2022-05-26,Sicario,2015,https://boxd.it/8i7u,5
2022-05-26,Sicario: Day of the Soldado,2018,https://boxd.it/e4fG,2
2022-05-26,"Planes, Trains and Automobiles",1987,https://boxd.it/26zE,4
2022-05-26,Pearl Harbor,2001,https://boxd.it/29Q4,2
2022-05-26,Ghostbusters,1984,https://boxd.it/g2w,4
2022-05-27,13 Going on 30,2004,https://boxd.it/1X6e,3
2022-06-03,Some Like It Hot,1959,https://boxd.it/2aNA,4
2022-06-17,Scent of a Woman,1992,https://boxd.it/1YAu,3
2022-06-17,Basic Instinct,1992,https://boxd.it/2asM,3
2022-06-17,A Knight's Tale,2001,https://boxd.it/1YAk,4
2022-06-22,The Breakfast Club,1985,https://boxd.it/27q4,2
2022-06-22,Shining Through,1992,https://boxd.it/1i1M,1
2022-06-22,Turning Red,2022,https://boxd.it/ipkq,3
2022-06-22,Back to the Outback,2021,https://boxd.it/sWlw,3
2022-06-22,My Little Pony: A New Generation,2021,https://boxd.it/m18y,2
2022-06-28,The Crying Game,1992,https://boxd.it/1TYc,2
2022-07-02,Howards End,1992,https://boxd.it/20nW,2
2022-07-09,The Unbearable Weight of Massive Talent,2022,https://boxd.it/o6eK,4
2022-07-26,Nope,2022,https://boxd.it/sDCe,5
2022-07-28,Elvis,2022,https://boxd.it/mK4w,4
2022-08-01,Molly's Game,2017,https://boxd.it/dSl8,4
2022-08-08,Once,2007,https://boxd.it/22GG,3
2022-08-08,Lightyear,2022,https://boxd.it/qV1G,3
2022-08-20,Doctor Strange in the Multiverse of Madness,2022,https://boxd.it/gaTc,4
2022-09-11,Scott Pilgrim vs. the World,2010,https://boxd.it/1Aq6,5
2022-09-11,Thor: Love and Thunder,2022,https://boxd.it/mMAY,3
2022-09-12,Reservoir Dogs,1992,https://boxd.it/2agc,4
2022-09-16,Unforgiven,1992,https://boxd.it/6Z4,5
2022-09-16,A Few Good Men,1992,https://boxd.it/29nw,5
2022-09-18,I Know What You Did Last Summer,1997,https://boxd.it/2588,3
2022-09-19,Coraline,2009,https://boxd.it/1NhQ,4
2022-09-26,Everything Everywhere All at Once,2022,https://boxd.it/jUk4,5
2022-09-27,James and the Giant Peach,1996,https://boxd.it/1W0O,2
2022-10-08,22 Jump Street,2014,https://boxd.it/5Fvy,4
2022-10-14,Jennifer's Body,2009,https://boxd.it/1Efw,2
2022-10-14,The Addams Family,1991,https://boxd.it/267g,3
2022-10-18,Swingers,1996,https://boxd.it/1WNc,4
2022-10-20,The Invisible Man,2020,https://boxd.it/kWlA,5
2022-10-26,Fear Street: 1994,2021,https://boxd.it/lLBk,3
2022-10-26,Fear Street: 1978,2021,https://boxd.it/lLBu,3
2022-10-26,Fear Street: 1666,2021,https://boxd.it/lLBE,3
2022-10-30,Clerks III,2022,https://boxd.it/nAaQ,4
2022-10-30,Hook,1991,https://boxd.it/29nQ,3
2022-10-30,Addams Family Values,1993,https://boxd.it/26mq,4
2022-11-01,The Exorcist,1973,https://boxd.it/1Yoo,4
2022-11-02,The Fly,1986,https://boxd.it/1YIe,4
2022-11-02,Wendell & Wild,2022,https://boxd.it/iwtu,3
2022-11-02,The Nightmare Before Christmas,1993,https://boxd.it/1YzQ,4
2022-11-03,Do Revenge,2022,https://boxd.it/sFiA,3
2022-11-08,This Is Spinal Tap,1984,https://boxd.it/1UOs,4
2022-11-08,Tenacious D in The Pick of Destiny,2006,https://boxd.it/27go,4
2022-11-08,Seeking a Friend for the End of the World,2012,https://boxd.it/376g,4
2022-11-13,All Quiet on the Western Front,2022,https://boxd.it/H08,4
2022-11-15,Bugsy,1991,https://boxd.it/1WvC,2
2022-11-19,Thelma & Louise,1991,https://boxd.it/28Ew,4
2022-11-19,Nacho Libre,2006,https://boxd.it/1YTG,3
2022-11-21,The Clapper,2017,https://boxd.it/eWL2,1
2022-11-21,Happiest Season,2020,https://boxd.it/iS3I,3
2022-11-28,Boyz n the Hood,1991,https://boxd.it/29Ug,4
2022-11-29,JFK,1991,https://boxd.it/29xm,4
2022-12-05,El Camino Christmas,2017,https://boxd.it/hsZ0,2
2022-12-06,The Santa Clause,1994,https://boxd.it/1TWK,2
2022-12-08,How the Grinch Stole Christmas,2000,https://boxd.it/1ZHQ,5
2022-12-13,Scrooged,1988,https://boxd.it/1Y9e,4
2022-12-13,The Guardians of the Galaxy Holiday Special,2022,https://boxd.it/t77K,3
2022-12-21,The Night Before,2015,https://boxd.it/9n9W,4
2022-12-26,Deck the Halls,2006,https://boxd.it/1Xpg,2
2022-12-26,City Slickers,1991,https://boxd.it/28P0,4
2022-12-27,"Good Luck to You, Leo Grande",2022,https://boxd.it/stYk,4
2023-01-01,Avatar: The Way of Water,2022,https://boxd.it/2E2E,4
2023-01-03,Marcel the Shell with Shoes On,2021,https://boxd.it/wMAk,4
2023-01-04,Frances Ha,2012,https://boxd.it/41Xg,3
2023-01-06,Glass Onion: A Knives Out Mystery,2022,https://boxd.it/oCkK,4
2023-01-06,The Gay Divorcee,1934,https://boxd.it/2lio,3
2023-01-08,The Banshees of Inisherin,2022,https://boxd.it/p7XS,4
2023-01-18,The Whale,2022,https://boxd.it/tw4c,4
2023-01-24,Hudson Hawk,1991,https://boxd.it/1Z32,3
2023-01-24,The Prince of Tides,1991,https://boxd.it/1Wwg,3
2023-01-28,Top Gun: Maverick,2022,https://boxd.it/cjr4,4
2023-01-29,Bullet Train,2022,https://boxd.it/qW26,4
2023-01-30,Babylon,2022,https://boxd.it/mM02,5
2023-02-04,TÁR,2022,https://boxd.it/uNIA,4
2023-02-06,Groundhog Day,1993,https://boxd.it/2b3e,4
2023-02-06,Terminator 2: Judgment Day,1991,https://boxd.it/2aGY,5
2023-02-07,Robin Hood: Prince of Thieves,1991,https://boxd.it/20hu,3
2023-02-11,The Menu,2022,https://boxd.it/lScm,4
2023-02-13,The Fabelmans,2022,https://boxd.it/ugoM,4
2023-02-13,The Silence of the Lambs,1991,https://boxd.it/2aHW,5
