Date,Name,Year,Letterboxd URI,Rating,Rewatch,Review,Tags,Watched Date
2020-01-12,Booksmart,2019,https://boxd.it/Wpi0v,4,Yes,"A very touching story about the last hurrah of two high school students before they go their separate ways after graduation.

Directorially, Wilde does an excellent job getting hilarious performances out of the entire cast. The movie is also surprisingly beautiful to look at. Only note: cool it with the lens flairs. JJ Abrams already claimed that as his thing.

The two female leads have an amazing amount of chemistry. Both have a remarkable amount of comedic talent. Most importantly, they’re convincing and relatable. Molly feels like an actual person, having real, convincing reactions to the goings on around her.

One especially refreshing thing about the comedy in this movie is how supportive Molly and Amy are of one another. They are constantly building each other up, and complimenting one another. There’s not one scene played for comedy where the two tear each other down, as would be seen in the prototypical male sex comedy.

The movie is bursting with hilarious side characters - the drama students who are perpetually in a power struggle with one another, the partier girl who is somehow already at every party they go to, the principal who can’t make ends meet with his 9-5 alone. 

My main criticism is that this movie hits a lot of the same beats as Superbad.  The two movies even share similar plot and character beats in a number of spots throughout, such as: 
- the plot revolving around a high school party right before graduation which takes place at the climax of the movie
- in the opening scene, one character picks up the other in her car and their friendship is showcased
- both main characters go to the party with hopes of hooking up with a particular person, but fail.
- their failures and insecurities spark an argument the night of the party, where all of their pent up aggression is let loose on one another. 
- the argument and their failures ultimately make them realize the value of their platonic friendship
- during a scene of people hooking up at this party, somebody ruins the moment and pukes on the other
- one of the main characters who is previously portrayed as cowardly is arrested at the end of the party
- the closing scene is a bittersweet goodbye with the two parties going their own way, symbolizing their diverging life paths.",,2020-01-11
2020-06-15,The Vast of Night,2019,https://boxd.it/1cwMP7,4,,"This film could be a stage play. Very intimate sets and shots, with a loooooot of dialogue. The tension is slooooowly built up through the course of the movie. The characters are fun and deep, and the dialogue is interesting and playful.

The long takes lend themselves to a real-time feel. And the anthology format reminds one of a twilight-zone like aesthetic. 

There are undercurrents of some mental illness allegory. When our leads are interviewing the old woman, she speaks of an omnipotent force which she believes forces good people to do bad things. This force takes people when they are at their most vulnerable, especially when they’re alone.",,2020-06-14
2020-12-07,Dick Johnson Is Dead,2020,https://boxd.it/1uZVI5,5,,"An humour-filled, light hearted look at the last years of one’s life. It’s the kind of movie that will make you want to call your parents and tell them you love them.

Kirsten Johnson does a fantastic job of capturing her father’s kind soul, and the bond between the two of them, even as his health begins to deteriorate. The movie is a roller coaster of emotion, full of moments that elicit chuckles, and moments that will have you reaching for the tissues.

I don’t remember the last time a film looked so honestly, compassionately, and unflinchingly at the concept of death. I loved every minute of it.

5/5","documentary, comedy, oscars",2020-12-06
2021-01-18,The Room,2003,https://boxd.it/1Baujt,3,,"I really don’t know how to rate this movie. If you look at the ratings on here, most of them are either a half-star rating or a five-star rating. Either you rate the movie poorly, based on its obvious lack of any merit whatsoever, or you rate it a 5 based on the fun you can have watching it ironically.

It is an insanely quotable movie - “so anyway, how is your sex life?”, “Everybody betray me, I fed up with this world” and of course, “Oh hi Mark” are all staples of my internal encyclopedia of quotes. The script is so hilariously nonsensical in every way that you can’t help but get a few genuine laughs out of it.

That being said, I can’t in good conscience give The Room a 5. I just cringe far,<b> far</b> too much for it to be wholly enjoyable - especially during the sex scenes, which may take up a good 10-15% of the movie’s runtime. I’d rather watch Scott’s Tots 1000 times then watch a single one of the first act sex-scenes ever again. 

This was my 4th or 5th watch of The Room, and I must say: this is not a movie that lends itself to the era of Pandemic we live in. It is a movie that demands to be enjoyed in a room full of friends, with enough booze to keep things light (drinking every time someone says “Oh hi” is recommended for those wanting to make the pain stop).

3 out of 5",,2021-01-17
2021-11-22,The Card Counter,2021,https://boxd.it/2iZLyz,2,,"A bizarre film with a small handful of artistic shots, and a much larger handful of the least subtle dialogue you’ve ever heard in your life… although maybe expecting subtlety from a movie whose protagonist is a poker player named William Tell was my bad.","crime, drama",2021-11-21
2022-01-10,Zola,2020,https://boxd.it/2sA5nz,2,,"<b>TL;DR:</b> I didn’t get it. I also don’t think I’m the target demo for this so if you liked it, good for you.

I watched this movie out of morbid curiosity, because I do remember when these tweets came out, and what a wild story it was. That said, the phrase “based off the series of Tweets by Zola” does not inspire a lot of confidence off the bat.

I am actually shocked to learn that I’m in the minority of the people who didn’t like this. It reminds me a bit of Fear and Loathing in Las Vegas in its random insanity, but without reaching the same level of zaniness or fun. I’m not opposed to weird, stream-of-consciousness, acid trippy movies, but this was somehow a bit too much and not enough at the same time… does that make sense? Probably not.

It’s written exactly like you’d expect a movie based off a series of tweets to be written. The characters have no real depth or background, things just kind of happen for no reason. I’ve seen other reviewers liken this to the Odyssey… which, I mean… I <i>guess </i>is technically a reasonable comparison.<i> </i>But just because your movie had no real central plot doesn’t make it the Odyssey. 

I had a lot of trouble relating to the protagonist, mostly because we don’t know anything about her other than she’s a dancer who just comes across an opportunity to make money. She doesn’t have flaws, or reveal any interesting character traits to us whatsoever. Especially considering the source material, which is bubbling over with personality, not focusing on our protagonist a bit more feels like a misstep.

People fucking loved Derek in this movie. He was probably the most reliable for a chuckle, but overall he’s a pretty annoying comic relief character as far as I’m concerned. Different strokes for different folks I guess. The Hannah Montana rap is a highlight, and the constantly showing people vines is a funny character trait, but nothing he did went into laugh-out-loud hilarity I don’t think. 

The movie is well acted and well shot. But I hated basically all of our main characters. It also spends a weird amount of time on pointless nudity for a movie that’s not even 1.5 hours long. It’s not my cup of tea, but if it becomes a cult classic, maybe I’ll revisit it down the line to see how wrong I was.

<b>PS: </b>What the fuck, the actress who plays Stefani is Elvis’ granddaughter? That’s actually wild. I’m not sure how to feel about that.","adventure, comedy, drama",2022-01-08
2022-03-25,Studio 666,2022,https://boxd.it/2H8Vj9,3,,"This was exactly what I expected it to be. Campy, gory, low budget fun from a group of guys that I love. The movie wisely rides on Dave Grohl’s natural charisma, because the other 5 members of the band seem uncomfortable on camera for large amounts of the runtime.

The practical effects are actually decent for the most part, and there’s a couple of really cool sets and props in this creepy haunted house where the majority of the film takes place.

The comedy is hit and miss. There’s a lot of stuff that’s clearly based on inside jokes, like Pat eating Doritos in lots of his scenes, and sleeping in the kitchen. Some of it lands, most of it doesn’t. 

Whitney Cummings and Will Forte, as the two cast members who are experienced in these sorts of roles, unsurprisingly are two of the funniest parts.

The heart of this movie comes from 3 main sources. 

1) Dave Grohl being his wonderful energetic self. 

2) the love and care that the movie shows to Rock and Metal music (including a cameo by Slayer guitarist Kerry King which the metal heads in the audience loved) and,

3) The fun that the band is obviously having murdering each other in creative and gruesome ways.

There is a healthy amount of cringey dialogue that may have worked if given to experienced actors, but alas, these are musicians. 

3/5 because I watched this with my friends who are as big of Foo Fighters fans as I am and had a blast doing it - objectively it really should be a 2/5.","comedy, horror, guiltypleasure",2022-03-24
2022-03-29,CODA,2021,https://boxd.it/2HUVKl,5,Yes,"This movie winning best picture felt like my team winning a championship.

It’s a movie about disillusionment, connection, love, and “what it means to need somebody.”

It’s the only movie to make me ugly cry this year.

And most importantly… its win at the 94th Academy Awards is the thing I choose to remember most about that night. 

One of the things that CODA does best is establish the disconnect between Ruby and her family - their life for each other is never in doubt, but she certainly straddles two different worlds: the hearing and the deaf.

Because that disconnect is set up so strongly, the emotional release hits harder, as the audience gets to experience with Ruby as she discovers what’s important to her over the course of the movie.

The back 3rd of this movie is one of strongest I’ve ever seen. The concert, the tailgate, and the audition are all beautifully tearjerking scenes which I’ll cherish for a long time.


Add into that one of the best performances of the year by Troy Kotsur (which I choose to believe he earned during a fart joke that I laughed at a little too hard), and a great one by Emilia Jones as well, what you get is the best movie of 2021, and a movie that will likely go down as one of the best of the decade.

Easy 5/5","comedy, drama, musical, oscars, podcastepisode, romance",2022-03-28
2022-07-09,The Unbearable Weight of Massive Talent,2022,https://boxd.it/30grQp,4,,"This was a lot of fun. Pedro Pascal and Nic Cage have excellent comedic chemistry, and the movie doesn’t take itself too seriously, in what amounts to be both a character study and buddy comedy. 

It sets out to be a fun and meta, mostly by harnessing Nic Cage’s ridiculously over-the-top persona, and by putting a fictionalized version of him in a ridiculously over-the-top scenario.

The relative predictability of the plot is outweighed by *just* the right amount of Cage-isms (including a good number of unhinged monologues, and a zillion-and-one references to his movies), as well as just a dash of wholesome cheesiness about the importance of family and friendship.

Worth watching for fans of the man, fans of meta/4th-wall-breaking movies, and fans of the buddy comedy. 

4/5","action, comedy, crime",2022-07-08
2022-08-08,Once,2007,https://boxd.it/36QoID,3,,"This was pretty good for what it was - the $150k budget is definitely felt. 

This movie is to “Begin Again” what the Whiplash short film was to the Whiplash movie. An underfunded student-style project with potential and charm. 

Carney showed early on that he has penchant for using live recordings in his films - I always appreciate the music side of his films. The music you hear matching what the players are playing, the types of instruments fitting the personalities/backstories of the characters, and stuff like that. Stuff that non-musical directors wouldn’t think about, much less care about.

The casting of musicians in the lead roles is obviously necessary to this end, but comes at the cost of the chemistry between our leads.

Quick, easy, cute watch that does more with $150k than I’d be able to.

3/5","drama, romance, musical",2022-08-07
2022-11-02,The Nightmare Before Christmas,1993,https://boxd.it/3oaoRN,4,Yes,It only took 29 years after this film’s release for me to realize it’s about cultural appropriation.,"animation, fantasy, kids, musical, horror, holiday",2022-11-01
2022-11-19,Nacho Libre,2006,https://boxd.it/3rHiOh,3,,"Easily one of the dumbest movies I’ve ever watched. 

3/5, had a few glasses of wine, and a great time","comedy, guiltypleasure, sports",2022-11-18
2022-11-21,The Clapper,2017,https://boxd.it/3sb26N,1,,"This movie is almost worth it for the absolutely unhinged final scene… almost. 

This movie made $7000 at the box office. That’s like 700 tickets. Total. In the entire world. 

The commentary the movie is trying to provide on late night TV thriving on chaos at the expense of real people’s lives is both underdeveloped and about 15 years too late.

1/5, kind of an interesting idea that was never close to being fully realized. Incinerate the script and go back to square one, rebuild everything from the dialogue to the characters from the ground up.","comedy, drama",2022-11-20
2023-01-03,Marcel the Shell with Shoes On,2021,https://boxd.it/3Dvg8d,4,,"I had heard this was good but didn’t really fully believe it… yeah, it’s that good.

I somehow expected not to like the character of Marcel but was so wrong. He is kind and resourceful and honest and funny, but also naive, and lonely. He is incredibly easy to connect to, which I think is a big part of the widespread praise the movie has received.

I really hope this doesn’t get a sequel. I really feel like this movie tells a really concise, touching story about finding connection in moments of vast loneliness, while still managing to be upbeat and fun. I’d hate to see that ruined by corporate greed.

4/5","animation, comedy, documentary",2023-01-02
2023-01-12,Hudson Hawk,1991,https://boxd.it/3GOaLX,3,,"I can’t tell if this is the worst piece of shit movie that’s ever existed, or a self-aware post-modern masterpiece. So I’m splitting the difference at 3 stars.","comedy, crime, podcastepisode, romance, guiltypleasure",2023-01-11
2023-01-28,Top Gun: Maverick,2022,https://boxd.it/3M5PlF,4,,"I have a big ethical dilemma with this movie. On the one hand, I have some reservations about movies that are so shamelessly uncritical of the American Armed forces. You don’t get this much access to this much gear without promising to paint certain people and organizations in a particular light. It can make movies like these feel a bit too much like propaganda pieces. This isn’t even speculation either, the Department of Defense and US Navy’s respective roles/interests in getting this movie made are well documented.

On the other hand. This movie is so fucking cool. 

The lack of a cinematography nomination for this is a goddamn disgrace as far as I’m concerned. The editing nom that it got is well deserved too.

Amazing cinematography and editing. Great job by my boy Hans Zimmer on mixing the old score stuff with the new.

Tom cruise is still a great actor, and Jennifer Connolly is still a fox.

4/5 for now, with a very real possibility that I’m lying to myself about it not being a 5 so that I can get to sleep at night.","action, drama, oscars, war",2023-01-27
2023-01-30,Babylon,2022,https://boxd.it/3MOKfd,5,,"Damien Chazelle has made yet another movie which speaks to me very deeply. It’s about a lot of things. On the surface it’s about the early age of Hollywood. But on another level it’s about what happens to people who think they are Gods when the world begins to pass them by. 

Given that this is the same guy who made La La Land, a movie which is insanely optimistic about Hollywood, this movie is shockingly critical of it, and asks the question “Is it ethical to enjoy the work of artists who  would ruin their own lives and the lives of those around them to make it?” It’s a tough question, and one that that begs to be asked in current times. 

The movie wears its influences on its sleeve, two of which are clearly Wolf of Wall Street and Boogie Nights, two movies which I love.

I’m sad to see this only has a 60 on MC and 56 on RT - it’s certainly a long movie, but that’s just the nature of epics. 

The visuals are outstanding (including the party scene at the beginning, one of the best looking scenes all year), the performances are exceptional (in particular Margot Robbie), the score by Justin Hurwitz is another winner for his resume.

This is an ambitious movie about the nature of ambition. I understand if people don’t feel it lives up to it’s own expectation of itself, but I haven’t been able to stop thinking about it. I already can’t wait to rewatch it.

5/5","drama, oscars, romance",2023-01-29
2023-02-06,Begin Again,2013,https://boxd.it/3OZpil,5,Yes,"Was glad to get a rewatch in on this finally.

I’ve never seen a movie so clearly convey the power that music has over us to connect, tear apart, heal, and injure. Great soundtrack and great performances all around… yes, even from James Corden. 

This movie is 50% people connecting through recording music together (via montage), 40% connecting through music in some other way, and 10% Adam Levine being a douche with varying degrees of facial hair. What’s not to like?

5/5","drama, movieclub, romance, musical",2023-02-05
2023-02-11,The Menu,2022,https://boxd.it/3QeNcP,4,,I too have spent an unhealthy amount of time at my customer service job daydreaming of setting the place on fire with everyone inside.,"horror, thriller, mystery",2023-02-10
