Date,Name,Year,Letterboxd URI
2020-11-12,On the Rocks,2020,https://boxd.it/l8aY
2020-11-12,In the Bedroom,2001,https://boxd.it/27Fo
2020-11-12,The Way Back,2020,https://boxd.it/jfoO
2020-11-12,Armageddon,1998,https://boxd.it/2b9Q
2020-11-12,Manchester by the Sea,2016,https://boxd.it/b2L0
2020-11-12,First Man,2018,https://boxd.it/cPym
2020-11-12,Won't You Be My Neighbor?,2018,https://boxd.it/hDPU
2020-11-12,Jaws,1975,https://boxd.it/2a5e
2020-11-12,Upgrade,2018,https://boxd.it/i4gW
2020-11-12,RKO 281,1999,https://boxd.it/EEk
2020-11-12,Phantom Thread,2017,https://boxd.it/e4uc
2020-11-12,Airplane!,1980,https://boxd.it/29yu
2020-11-13,Contact,1997,https://boxd.it/29OM
2020-11-19,Drive Angry,2011,https://boxd.it/KZy
2020-11-19,Take Me Home Tonight,2011,https://boxd.it/CYM
2020-11-25,Oldboy,2003,https://boxd.it/29R2
2020-11-26,Before Sunrise,1995,https://boxd.it/2bcU
2020-11-26,Casino,1995,https://boxd.it/2ads
2020-12-03,The Battle Over Citizen Kane,1996,https://boxd.it/8vdq
2020-12-10,Jumanji,1995,https://boxd.it/1ZLI
2020-12-10,They Shall Not Grow Old,2018,https://boxd.it/jP62
2020-12-28,"Good Night, and Good Luck.",2005,https://boxd.it/25vG
2021-01-07,Another Round,2020,https://boxd.it/lkba
2021-01-07,Never Rarely Sometimes Always,2020,https://boxd.it/lWJk
2021-01-13,Icarus,2017,https://boxd.it/fmje
2021-01-14,Bad Education,2019,https://boxd.it/jiME
2021-01-16,Singham,2011,https://boxd.it/2t9a
2021-01-18,In Bruges,2008,https://boxd.it/20n8
2021-01-21,One Night in Miami...,2020,https://boxd.it/oCUo
2021-01-22,Erin Brockovich,2000,https://boxd.it/2al2
2021-01-29,The Trial of the Chicago 7,2020,https://boxd.it/kn3w
2021-02-08,The Big Short,2015,https://boxd.it/ajZw
2021-02-19,Anna,2019,https://boxd.it/hqQq
2021-03-08,The Big Sick,2017,https://boxd.it/eHvy
2021-04-01,Over the Moon,2020,https://boxd.it/kv2Q
2021-04-01,A Shaun the Sheep Movie: Farmageddon,2019,https://boxd.it/eXfm
2021-04-08,Do the Right Thing,1989,https://boxd.it/29gA
2021-04-08,Field of Dreams,1989,https://boxd.it/26VK
2021-04-08,All About Eve,1950,https://boxd.it/29LI
2021-04-22,Dig!,2004,https://boxd.it/282s
2021-05-17,Steve Jobs,2015,https://boxd.it/araG
2021-05-20,Hell or High Water,2016,https://boxd.it/bfGM
2021-06-08,Raising Arizona,1987,https://boxd.it/2avQ
2021-06-10,Raya and the Last Dragon,2021,https://boxd.it/jbkI
2021-06-24,The River Wild,1994,https://boxd.it/1Zr4
2021-06-24,L.A. Confidential,1997,https://boxd.it/27oC
2021-07-04,Harvey,1950,https://boxd.it/1T5w
2021-07-08,"The Adventures of Priscilla, Queen of the Desert",1994,https://boxd.it/26mg
2021-07-22,The Grand,2007,https://boxd.it/1Mm6
2021-07-22,Blinded by the Light,2019,https://boxd.it/jrYO
2021-07-22,Legends of the Fall,1994,https://boxd.it/24ho
2021-08-06,Fanboys,2009,https://boxd.it/1PXY
2021-08-11,Pig,2021,https://boxd.it/nzoW
2021-08-17,Riders of Justice,2020,https://boxd.it/oHQc
2021-08-27,Confessions of a Dangerous Mind,2002,https://boxd.it/23Gi
2021-10-08,National Lampoon's Van Wilder,2002,https://boxd.it/1TOQ
2021-10-08,6 Underground,2019,https://boxd.it/irU6
2021-10-08,"Definitely, Maybe",2008,https://boxd.it/20eU
2021-10-12,Logan,2017,https://boxd.it/7Piy
2021-10-22,A Most Violent Year,2014,https://boxd.it/75Va
2021-10-22,Lion,2016,https://boxd.it/b2La
2021-11-01,Braindead,1992,https://boxd.it/29Gy
2021-12-01,Sunset Boulevard,1950,https://boxd.it/2a20
2021-12-07,I Love You Phillip Morris,2009,https://boxd.it/1ZvK
2021-12-08,The Worst Person in the World,2021,https://boxd.it/oyws
2021-12-17,The Boondock Saints,1999,https://boxd.it/20gw
2022-01-09,Mass,2021,https://boxd.it/eYAA
2022-01-15,The Invention of Lying,2009,https://boxd.it/1zGs
2022-01-28,Falling Down,1993,https://boxd.it/194M
2022-01-28,Set It Up,2018,https://boxd.it/dpik
2022-02-01,Princess Mononoke,1997,https://boxd.it/2b4w
2022-02-11,Drive My Car,2021,https://boxd.it/sv94
2022-02-11,Flee,2021,https://boxd.it/ponM
2022-02-16,The Last Duel,2021,https://boxd.it/mQbe
2022-03-03,The Kids Are Alright,1979,https://boxd.it/2ls4
2022-03-07,Brazil,1985,https://boxd.it/2be2
2022-03-19,Those Who Wish Me Dead,2021,https://boxd.it/lgeu
2022-03-19,Last Night in Soho,2021,https://boxd.it/lbJC
2022-03-31,Death Proof,2007,https://boxd.it/27GG
2022-04-08,Beyond the Infinite Two Minutes,2020,https://boxd.it/ujVk
2022-04-14,Gilbert,2017,https://boxd.it/fYs4
2022-04-20,Man on the Moon,1999,https://boxd.it/281k
2022-04-22,Silverado,1985,https://boxd.it/1TGC
2022-04-24,The Thing,1982,https://boxd.it/294O
2022-04-28,Barbie,2023,https://boxd.it/bCLK
2022-04-29,21 Jump Street,2012,https://boxd.it/J0
2022-05-05,Lamb,2021,https://boxd.it/tFwE
2022-05-27,Gentlemen Prefer Blondes,1953,https://boxd.it/29Hc
2022-05-30,Green Room,2015,https://boxd.it/a75m
2022-07-04,RRR,2022,https://boxd.it/ljDs
2022-07-04,The Batman,2022,https://boxd.it/eDGs
2022-07-25,Plan B,2021,https://boxd.it/rUMy
2022-07-28,Speed Racer,2008,https://boxd.it/20UQ
2022-07-30,AlphaGo,2017,https://boxd.it/geTA
2022-08-04,Sideways,2004,https://boxd.it/1Y5c
2022-08-07,The Muppets,2011,https://boxd.it/1zg
2022-08-10,Event Horizon,1997,https://boxd.it/20d8
2022-09-14,Malcolm X,1992,https://boxd.it/27WE
2022-09-14,My Cousin Vinny,1992,https://boxd.it/1WpO
2022-09-21,Cinema Paradiso,1988,https://boxd.it/1UlA
2022-09-21,Dr. Strangelove or: How I Learned to Stop Worrying and Love the Bomb,1964,https://boxd.it/29eY
2022-09-21,Your Name.,2016,https://boxd.it/cUqs
2022-09-22,Tragedy Girls,2017,https://boxd.it/eB7K
2022-09-24,Love & Mercy,2014,https://boxd.it/8bd6
2022-09-28,The Game,1997,https://boxd.it/26vC
2022-10-08,28 Days Later,2002,https://boxd.it/2aXU
2022-11-11,The Great Outdoors,1988,https://boxd.it/26yw
2022-11-14,CODA,2021,https://boxd.it/tbf4
2022-11-14,Not Okay,2022,https://boxd.it/vCEY
2022-11-14,Barbarian,2022,https://boxd.it/yohi
2022-11-14,Don't Worry Darling,2022,https://boxd.it/mViu
2022-11-14,Pearl,2022,https://boxd.it/zPbe
2022-11-22,Men,2022,https://boxd.it/tlc0
2023-01-04,Oppenheimer,2023,https://boxd.it/wUow
2023-01-07,"Summer of Soul (...or, When the Revolution Could Not Be Televised)",2021,https://boxd.it/tbhu
2023-01-18,Decision to Leave,2022,https://boxd.it/qp9e
2023-01-18,Petite Maman,2021,https://boxd.it/s6je
2023-01-20,Buena Vista Social Club,1999,https://boxd.it/1T6E
2023-01-20,Warrior,2011,https://boxd.it/i3G
2023-01-24,Puss in Boots: The Last Wish,2022,https://boxd.it/aaie
2023-01-24,The Phantom of the Open,2021,https://boxd.it/qRzk
2023-01-24,Cape Fear,1991,https://boxd.it/28vu
2023-01-24,Rio Bravo,1959,https://boxd.it/2aE4
2023-01-24,Blow Out,1981,https://boxd.it/1TlE
2023-01-24,Taxi Driver,1976,https://boxd.it/2b8y
2023-01-25,Guillermo del Toro's Pinocchio,2022,https://boxd.it/kjMW
2023-01-25,The Sea Beast,2022,https://boxd.it/kv3a
2023-01-25,Empire of Light,2022,https://boxd.it/uGpm
2023-01-25,Triangle of Sadness,2022,https://boxd.it/hXlq
2023-01-25,Women Talking,2022,https://boxd.it/tdq4
2023-02-02,Bank of Dave,2023,https://boxd.it/zko2
2023-02-06,Slumdog Millionaire,2008,https://boxd.it/1S3E
2023-02-06,The Artist,2011,https://boxd.it/2AwK
2023-02-06,The King's Speech,2010,https://boxd.it/dX0
2023-02-08,Run Lola Run,1998,https://boxd.it/2b8o
2023-02-08,Mostly Martha,2001,https://boxd.it/256m
2023-02-13,The Gift,2015,https://boxd.it/aJMy
2023-02-14,The Lobster,2015,https://boxd.it/7tnw
2023-02-14,The Nice Guys,2016,https://boxd.it/94Hg
2023-02-14,10 Cloverfield Lane,2016,https://boxd.it/aZiu
2023-02-14,The Babadook,2014,https://boxd.it/77xu
