Letterboxd list export v7
Date,Name,Tags,URL,Description
2022-11-02,‘00s comedies,,https://boxd.it/iWzNm,

Position,Name,Year,URL,Description
1,Superbad,2007,https://boxd.it/20hO,
2,"I Love You, Man",2009,https://boxd.it/1JZu,
3,School of Rock,2003,https://boxd.it/28xK,
4,Shaun of the Dead,2004,https://boxd.it/29J8,
5,Hot Fuzz,2007,https://boxd.it/2416,
6,DodgeBall: A True Underdog Story,2004,https://boxd.it/1YAY,
7,Zombieland,2009,https://boxd.it/1En6,
8,Tropic Thunder,2008,https://boxd.it/20WM,
9,Anchorman: The Legend of Ron Burgundy,2004,https://boxd.it/1ZVo,
10,Mean Girls,2004,https://boxd.it/1VNg,
11,Old School,2003,https://boxd.it/1TmM,
12,The 40 Year Old Virgin,2005,https://boxd.it/21hK,
13,Step Brothers,2008,https://boxd.it/1SsE,
14,Napoleon Dynamite,2004,https://boxd.it/20wu,
15,Bruce Almighty,2003,https://boxd.it/2aCC,
