Letterboxd list export v7
Date,Name,Tags,URL,Description
2022-06-30,All-Kate List,,https://boxd.it/hbaFk,

Position,Name,Year,URL,Description
1,Eternal Sunshine of the Spotless Mind,2004,https://boxd.it/6YK,
2,Batman Begins,2005,https://boxd.it/2aIg,
3,Hot Fuzz,2007,https://boxd.it/2416,
4,The Lord of the Rings: The Fellowship of the Ring,2001,https://boxd.it/2b5O,
5,Contagion,2011,https://boxd.it/13rq,
6,Sense and Sensibility,1995,https://boxd.it/244E,
7,Almost Famous,2000,https://boxd.it/29CQ,
8,Thor: Ragnarok,2017,https://boxd.it/8MHi,
9,The Curious Case of Benjamin Button,2008,https://boxd.it/23Fk,
10,Elizabeth,1998,https://boxd.it/24cS,
11,Titanic,1997,https://boxd.it/2a2k,
12,The Holiday,2006,https://boxd.it/28ye,
13,Ammonite,2020,https://boxd.it/kQpQ,
14,The Aviator,2004,https://boxd.it/26BU,
15,Don't Look Up,2021,https://boxd.it/o0Hc,
16,"Where'd You Go, Bernadette",2019,https://boxd.it/efuC,
17,The Hobbit: An Unexpected Journey,2012,https://boxd.it/GZk,
18,Van Helsing,2004,https://boxd.it/21aa,
19,Finding Neverland,2004,https://boxd.it/29pW,
20,Babel,2006,https://boxd.it/292o,
21,Pearl Harbor,2001,https://boxd.it/29Q4,
