Letterboxd list export v7
Date,Name,Tags,URL,Description
2022-10-16,All 2022 Ranked,top,https://boxd.it/iHPm2,

Position,Name,Year,URL,Description
1,Everything Everywhere All at Once,2022,https://boxd.it/jUk4,
2,Nope,2022,https://boxd.it/sDCe,
3,Babylon,2022,https://boxd.it/mM02,
4,All Quiet on the Western Front,2022,https://boxd.it/H08,
5,Marcel the Shell with Shoes On,2021,https://boxd.it/wMAk,
6,The Banshees of Inisherin,2022,https://boxd.it/p7XS,
7,"Good Luck to You, Leo Grande",2022,https://boxd.it/stYk,
8,Top Gun: Maverick,2022,https://boxd.it/cjr4,
9,The Fabelmans,2022,https://boxd.it/ugoM,
10,Clerks III,2022,https://boxd.it/nAaQ,
11,The Unbearable Weight of Massive Talent,2022,https://boxd.it/o6eK,
12,TÁR,2022,https://boxd.it/uNIA,
13,The Northman,2022,https://boxd.it/nK2s,
14,The Menu,2022,https://boxd.it/lScm,
15,Glass Onion: A Knives Out Mystery,2022,https://boxd.it/oCkK,
16,X,2022,https://boxd.it/sxVa,
17,The Whale,2022,https://boxd.it/tw4c,
18,Bullet Train,2022,https://boxd.it/qW26,
19,Doctor Strange in the Multiverse of Madness,2022,https://boxd.it/gaTc,
20,Elvis,2022,https://boxd.it/mK4w,
21,Avatar: The Way of Water,2022,https://boxd.it/2E2E,
22,Do Revenge,2022,https://boxd.it/sFiA,
23,Thor: Love and Thunder,2022,https://boxd.it/mMAY,
24,Studio 666,2022,https://boxd.it/xPEw,
25,Turning Red,2022,https://boxd.it/ipkq,
26,Lightyear,2022,https://boxd.it/qV1G,
27,Wendell & Wild,2022,https://boxd.it/iwtu,
28,Metal Lords,2022,https://boxd.it/rLTA,
29,The Adam Project,2022,https://boxd.it/q2Dg,
