Letterboxd list export v7
Date,Name,Tags,URL,Description
2022-05-23,Best Movies with Colours in the Title,,https://boxd.it/gHnec,

Position,Name,Year,URL,Description
1,The Green Mile,1999,https://boxd.it/2agG,
2,Crimson Tide,1995,https://boxd.it/1ZuM,
3,Anchorman: The Legend of Ron Burgundy,2004,https://boxd.it/1ZVo,
4,A Clockwork Orange,1971,https://boxd.it/2aVE,
5,The Grey,2011,https://boxd.it/2xZE,
6,Black Widow,2021,https://boxd.it/hWV8,
7,Green Book,2018,https://boxd.it/hErk,
8,Men in Black,1997,https://boxd.it/2a0I,
9,The Woman in Black,2012,https://boxd.it/4wu,
10,Black Panther,2018,https://boxd.it/8MHs,
11,Deep Blue Sea,1999,https://boxd.it/1ZBo,
12,Snow-White,1933,https://boxd.it/4aGy,
13,Pirates of the Caribbean: The Curse of the Black Pearl,2003,https://boxd.it/70G,
14,The Thin Red Line,1998,https://boxd.it/1ZTM,
15,Silver Linings Playbook,2012,https://boxd.it/2TTo,
16,Harold & Kumar Go to White Castle,2004,https://boxd.it/1Ueu,
17,Moulin Rouge!,2001,https://boxd.it/29wI,
