Letterboxd list export v7
Date,Name,Tags,URL,Description
2023-01-19,Owned movies,own,https://boxd.it/kEEp2,

Position,Name,Year,URL,Description
1,(500) Days of Summer,2009,https://boxd.it/1EmM,
2,1917,2019,https://boxd.it/jj4y,
3,2001: A Space Odyssey,1968,https://boxd.it/2bf0,
4,21,2008,https://boxd.it/20BO,
5,21 Jump Street,2012,https://boxd.it/J0,
6,22 Jump Street,2014,https://boxd.it/5Fvy,
7,The 40 Year Old Virgin,2005,https://boxd.it/21hK,
8,8 Mile,2002,https://boxd.it/2bew,
9,Across the Universe,2007,https://boxd.it/23X4,
10,American Beauty,1999,https://boxd.it/71Y,
11,American Hustle,2013,https://boxd.it/5dz8,
12,American Psycho,2000,https://boxd.it/28Vs,
13,Anchorman: The Legend of Ron Burgundy,2004,https://boxd.it/1ZVo,
14,Annihilation,2018,https://boxd.it/9yzm,
15,Atomic Blonde,2017,https://boxd.it/blDk,
16,The Babadook,2014,https://boxd.it/77xu,
17,Batman,1989,https://boxd.it/2aIU,
18,Batman Begins,2005,https://boxd.it/2aIg,
19,The Beach,2000,https://boxd.it/27T6,
20,BlacKkKlansman,2018,https://boxd.it/hxL8,
21,Blade Runner 2049,2017,https://boxd.it/b8wK,
22,Blood Diamond,2006,https://boxd.it/28Tm,
23,The Boat That Rocked,2009,https://boxd.it/1FZA,
24,Booksmart,2019,https://boxd.it/igNS,
25,Borat: Cultural Learnings of America for Make Benefit Glorious Nation of Kazakhstan,2006,https://boxd.it/2agQ,
26,Braveheart,1995,https://boxd.it/2aTI,
27,Bridesmaids,2011,https://boxd.it/rac,
28,Brooklyn,2015,https://boxd.it/5bdk,
29,Burn After Reading,2008,https://boxd.it/23BW,
30,Captain Phillips,2013,https://boxd.it/3GPK,
31,Casino Royale,2006,https://boxd.it/1alk,
32,Cast Away,2000,https://boxd.it/20i8,
33,Catch Me If You Can,2002,https://boxd.it/29VS,
34,Children of Men,2006,https://boxd.it/1Y2i,
35,Cinderella Man,2005,https://boxd.it/29he,
36,A Clockwork Orange,1971,https://boxd.it/2aVE,
37,Cloverfield,2008,https://boxd.it/2192,
38,Coach Carter,2005,https://boxd.it/218e,
39,Collateral,2004,https://boxd.it/28F0,
40,Concussion,2015,https://boxd.it/aqIs,
41,"Crazy, Stupid, Love.",2011,https://boxd.it/D9A,
42,Creed,2015,https://boxd.it/a2qk,
43,Daniel Tosh: People Pleaser,2016,https://boxd.it/dJFI,
44,The Dark Knight Rises,2012,https://boxd.it/H3m,
45,The Dark Knight,2008,https://boxd.it/2b0k,
46,Darkest Hour,2017,https://boxd.it/dZZa,
47,Die Hard,1988,https://boxd.it/2a7u,
48,Dinner for Schmucks,2010,https://boxd.it/15dA,
49,District 9,2009,https://boxd.it/1Iik,
50,Django Unchained,2012,https://boxd.it/2cCk,
51,DodgeBall: A True Underdog Story,2004,https://boxd.it/1YAY,
52,Dredd,2012,https://boxd.it/GZE,
53,Due Date,2010,https://boxd.it/YFs,
54,The Dukes of Hazzard,2005,https://boxd.it/21A8,
55,Dumb and Dumber,1994,https://boxd.it/206m,
56,Easy A,2010,https://boxd.it/17DK,
57,Edge of Tomorrow,2014,https://boxd.it/4pD0,
58,Eighth Grade,2018,https://boxd.it/hDMG,
59,Eternal Sunshine of the Spotless Mind,2004,https://boxd.it/6YK,
60,Fargo,1996,https://boxd.it/2aHM,
61,Ferris Bueller's Day Off,1986,https://boxd.it/1YPY,
62,A Few Good Men,1992,https://boxd.it/29nw,
63,Fight Club,1999,https://boxd.it/2a9q,
64,First Man,2018,https://boxd.it/cPym,
65,Forgetting Sarah Marshall,2008,https://boxd.it/1XEq,
66,Free Fire,2016,https://boxd.it/b2Ig,
67,From Dusk Till Dawn,1996,https://boxd.it/29HQ,
68,Galaxy Quest,1999,https://boxd.it/29gq,
69,Get Out,2017,https://boxd.it/eOCm,
70,Ghostbusters,1984,https://boxd.it/g2w,
71,Ghostbusters II,1989,https://boxd.it/261s,
72,The Godfather: Part III,1990,https://boxd.it/2aN6,
73,Gone Girl,2014,https://boxd.it/6hQu,
74,GoodFellas,1990,https://boxd.it/29FA,
75,Goon,2011,https://boxd.it/2B6o,
76,The Green Mile,1999,https://boxd.it/2agG,
77,Half Baked,1998,https://boxd.it/1Yy4,
78,Happy Gilmore,1996,https://boxd.it/1Yey,
79,Harvey,1950,https://boxd.it/1T5w,
80,Horrible Bosses,2011,https://boxd.it/Ba2,
81,Hot Fuzz,2007,https://boxd.it/2416,
82,Hudson Hawk,1991,https://boxd.it/1Z32,
83,The Hurt Locker,2008,https://boxd.it/1Soi,
84,I Am Legend,2007,https://boxd.it/21DG,
85,"I Love You, Man",2009,https://boxd.it/1JZu,
86,I'm Not There,2007,https://boxd.it/24Ys,
87,Inception,2010,https://boxd.it/1skk,
88,The Incredibles,2004,https://boxd.it/1XLm,
89,Inglourious Basterds,2009,https://boxd.it/1JzG,
90,Inside Llewyn Davis,2013,https://boxd.it/34Ro,
91,Invictus,2009,https://boxd.it/1zPk,
92,The Invisible Man,2020,https://boxd.it/kWlA,
93,The Iron Giant,1999,https://boxd.it/1Wow,
94,Iron Man,2008,https://boxd.it/28dA,
95,It's a Wonderful Life,1946,https://boxd.it/28xA,
96,Jackie Brown,1997,https://boxd.it/2aVO,
97,Jaws,1975,https://boxd.it/2a5e,
98,Jerry Maguire,1996,https://boxd.it/1YNS,
99,John Wick,2014,https://boxd.it/7dEc,
100,Juno,2007,https://boxd.it/210a,
101,Jurassic Park,1993,https://boxd.it/2aA2,
102,Kick-Ass,2010,https://boxd.it/1zaQ,
103,The Kids Are All Right,2010,https://boxd.it/13f0,
104,Kill Bill: Vol. 1,2003,https://boxd.it/70w,
105,Kill Bill: Vol. 2,2004,https://boxd.it/2au4,
106,King Kong,2005,https://boxd.it/2aLa,
107,Kingsman: The Secret Service,2014,https://boxd.it/6dxe,
108,Knocked Up,2007,https://boxd.it/23yS,
109,L.A. Confidential,1997,https://boxd.it/27oC,
110,La La Land,2016,https://boxd.it/a5fa,
111,Lady Bird,2017,https://boxd.it/dGNE,
112,Lars and the Real Girl,2007,https://boxd.it/21tG,
113,Lethal Weapon,1987,https://boxd.it/29e0,
114,Liar Liar,1997,https://boxd.it/28sg,
115,Life of Pi,2012,https://boxd.it/37pC,
116,The Lives of Others,2006,https://boxd.it/2a4A,
117,Lockout,2012,https://boxd.it/2Ruw,
118,Looper,2012,https://boxd.it/ham,
119,The Lord of the Rings: The Fellowship of the Ring,2001,https://boxd.it/2b5O,
120,The Lord of the Rings: The Return of the King,2003,https://boxd.it/2b5u,
121,The Lord of the Rings: The Two Towers,2002,https://boxd.it/2b5E,
122,Mad Max: Fury Road,2015,https://boxd.it/2DjO,
123,Mandy,2018,https://boxd.it/gtti,
124,The Martian,2015,https://boxd.it/8SeG,
125,Master and Commander: The Far Side of the World,2003,https://boxd.it/200S,
126,Men in Black,1997,https://boxd.it/2a0I,
127,Men in Black II,2002,https://boxd.it/2a0y,
128,Michael Clayton,2007,https://boxd.it/2466,
129,Midsommar,2019,https://boxd.it/jhxe,
130,Miss March,2009,https://boxd.it/1EVM,
131,Mission: Impossible,1996,https://boxd.it/29d2,
132,Nacho Libre,2006,https://boxd.it/1YTG,
133,Napoleon Dynamite,2004,https://boxd.it/20wu,
134,Neighbors,2014,https://boxd.it/5Txe,
135,Office Space,1999,https://boxd.it/28Em,
136,Old School,2003,https://boxd.it/1TmM,
137,Once Upon a Time… in Hollywood,2019,https://boxd.it/gH0O,
138,The Other Guys,2010,https://boxd.it/1rtq,
139,The Piano,1993,https://boxd.it/29Kq,
140,Pineapple Express,2008,https://boxd.it/1WRS,
141,The Place Beyond the Pines,2012,https://boxd.it/3mDu,
142,Pleasantville,1998,https://boxd.it/26uY,
143,The Prestige,2006,https://boxd.it/293w,
144,Prisoners,2013,https://boxd.it/4E5i,
145,Psycho,1960,https://boxd.it/2ab2,
146,Pulp Fiction,1994,https://boxd.it/29Pq,
147,The Pursuit of Happyness,2006,https://boxd.it/28PE,
148,A Quiet Place,2018,https://boxd.it/fVJQ,
149,Radio,2003,https://boxd.it/1P8m,
150,Reservoir Dogs,1992,https://boxd.it/2agc,
151,Robin Hood: Prince of Thieves,1991,https://boxd.it/20hu,
152,The Rocky Horror Picture Show,1975,https://boxd.it/1a3q,
153,Role Models,2008,https://boxd.it/1MmK,
154,Rudy,1993,https://boxd.it/1NUe,
155,Rush,2013,https://boxd.it/3lyS,
156,Rush: Beyond The Lighted Stage,2010,https://boxd.it/108U,
157,Saving Private Ryan,1998,https://boxd.it/29ro,
158,Say Anything...,1989,https://boxd.it/27B2,
159,Scent of a Woman,1992,https://boxd.it/1YAu,
160,School of Rock,2003,https://boxd.it/28xK,
161,Scott Pilgrim vs. the World,2010,https://boxd.it/1Aq6,
162,Sea of Love,1989,https://boxd.it/1Sq4,
163,Searching for Bobby Fischer,1993,https://boxd.it/1OmW,
164,The Secret Life of Walter Mitty,2013,https://boxd.it/3SWy,
165,Shaun of the Dead,2004,https://boxd.it/29J8,
166,The Shawshank Redemption,1994,https://boxd.it/2aHi,
167,The Shining,1980,https://boxd.it/29Nu,
168,Shutter Island,2010,https://boxd.it/1U82,
169,Sicario,2015,https://boxd.it/8i7u,
170,Sin City,2005,https://boxd.it/2aVk,
171,Skyfall,2012,https://boxd.it/17Fc,
172,Snowpiercer,2013,https://boxd.it/3Icg,
173,The Social Network,2010,https://boxd.it/17ue,
174,Spider-Man,2002,https://boxd.it/2a8i,
175,Spider-Man 2,2004,https://boxd.it/2a88,
176,Spider-Man 3,2007,https://boxd.it/2a7Y,
177,Starsky & Hutch,2004,https://boxd.it/1YOQ,
178,State of Play,2009,https://boxd.it/1JnA,
179,Step Brothers,2008,https://boxd.it/1SsE,
180,Steve Jobs,2015,https://boxd.it/araG,
181,Super Troopers,2001,https://boxd.it/12Rs,
182,Talladega Nights: The Ballad of Ricky Bobby,2006,https://boxd.it/1XYq,
183,Ted,2012,https://boxd.it/2pgc,
184,There Will Be Blood,2007,https://boxd.it/20Z2,
185,The Thing,1982,https://boxd.it/294O,
186,This Is Spinal Tap,1984,https://boxd.it/1UOs,
187,This Is the End,2013,https://boxd.it/3GB4,
188,Titanic,1997,https://boxd.it/2a2k,
189,Total Recall,1990,https://boxd.it/29qK,
190,The Town,2010,https://boxd.it/1zyS,
191,Trailer Park Boys: Countdown to Liquor Day,2009,https://boxd.it/1rvm,
192,Trailer Park Boys: The Movie,2006,https://boxd.it/1XqS,
193,Transformers,2007,https://boxd.it/280c,
194,Tropic Thunder,2008,https://boxd.it/20WM,
195,Unforgiven,1992,https://boxd.it/6Z4,
196,Us,2019,https://boxd.it/gnV6,
197,Walk Hard: The Dewey Cox Story,2007,https://boxd.it/21wK,
198,Wayne's World,1992,https://boxd.it/1ZHG,
199,Wayne's World 2,1993,https://boxd.it/1ZHw,
200,Wedding Crashers,2005,https://boxd.it/1Yte,
201,Whiplash,2014,https://boxd.it/7bQA,
202,The Witch,2015,https://boxd.it/9X0m,
203,The Wolf of Wall Street,2013,https://boxd.it/3C1m,
204,X-Men: First Class,2011,https://boxd.it/FOA,
205,Zero Dark Thirty,2012,https://boxd.it/3n1w,
206,Zombieland,2009,https://boxd.it/1En6,
207,Zoolander,2001,https://boxd.it/1YMA,
208,The Silence of the Lambs,1991,https://boxd.it/2aHW,
