Letterboxd list export v7
Date,Name,Tags,URL,Description
2022-09-18,Spooktober watchlist,,https://boxd.it/ijAWw,

Position,Name,Year,URL,Description
1,The Thing,1982,https://boxd.it/294O,
2,Lamb,2021,https://boxd.it/tFwE,
3,The Fly,1986,https://boxd.it/1YIe,
4,Corpse Bride,2005,https://boxd.it/24WQ,
5,The Invisible Man,2020,https://boxd.it/kWlA,
6,Jaws,1975,https://boxd.it/2a5e,
7,The Mummy,1959,https://boxd.it/1FUU,
8,Fear Street: 1666,2021,https://boxd.it/lLBE,
9,Fear Street: 1978,2021,https://boxd.it/lLBu,
10,Fear Street: 1994,2021,https://boxd.it/lLBk,
11,The Shining,1980,https://boxd.it/29Nu,
12,Psycho,1960,https://boxd.it/2ab2,
13,The Witch,2015,https://boxd.it/9X0m,
14,The Blair Witch Project,1999,https://boxd.it/26ua,
15,The Grudge,2004,https://boxd.it/27Jq,
16,Cloverfield,2008,https://boxd.it/2192,
17,Midsommar,2019,https://boxd.it/jhxe,
18,James and the Giant Peach,1996,https://boxd.it/1W0O,
19,Jennifer's Body,2009,https://boxd.it/1Efw,
20,Tragedy Girls,2017,https://boxd.it/eB7K,
21,American Psycho,2000,https://boxd.it/28Vs,
22,Annihilation,2018,https://boxd.it/9yzm,
