Letterboxd list export v7
Date,Name,Tags,URL,Description
2022-02-26,Tom Hanks’ Best Performances,,https://boxd.it/fzKOM,"Tom Hanks’ movies that I’ve seen, ranked by my favourite performances.

*Toy Story franchise = one spot on the list."

Position,Name,Year,URL,Description
1,Forrest Gump,1994,https://boxd.it/728,
2,Apollo 13,1995,https://boxd.it/2a6G,
3,Captain Phillips,2013,https://boxd.it/3GPK,
4,Saving Private Ryan,1998,https://boxd.it/29ro,
5,Philadelphia,1993,https://boxd.it/1XMk,
6,Cast Away,2000,https://boxd.it/20i8,
7,A Beautiful Day in the Neighborhood,2019,https://boxd.it/i7vA,
8,Bridge of Spies,2015,https://boxd.it/9n9C,
9,Toy Story,1995,https://boxd.it/29qA,
10,Road to Perdition,2002,https://boxd.it/24Lo,
11,Catch Me If You Can,2002,https://boxd.it/29VS,
12,The Green Mile,1999,https://boxd.it/2agG,
13,A League of Their Own,1992,https://boxd.it/1UdG,
14,The Post,2017,https://boxd.it/fTeG,
15,That Thing You Do!,1996,https://boxd.it/1Yig,
16,The Polar Express,2004,https://boxd.it/23am,
17,The Simpsons Movie,2007,https://boxd.it/6YU,
18,Cloud Atlas,2012,https://boxd.it/2W60,
