Letterboxd list export v7
Date,Name,Tags,URL,Description
2020-11-12,Top 10 of 2018,top,https://boxd.it/9b6ys,My 10 favourite films that came out in 2018

Position,Name,Year,URL,Description
1,Eighth Grade,2018,https://boxd.it/hDMG,
2,Annihilation,2018,https://boxd.it/9yzm,
3,Avengers: Infinity War,2018,https://boxd.it/9vEe,
4,Hereditary,2018,https://boxd.it/hNVe,
5,Sorry to Bother You,2018,https://boxd.it/f21E,
6,Spider-Man: Into the Spider-Verse,2018,https://boxd.it/azpY,
7,A Quiet Place,2018,https://boxd.it/fVJQ,
8,The Favourite,2018,https://boxd.it/d2hI,
9,Widows,2018,https://boxd.it/e6gc,
10,Roma,2018,https://boxd.it/f69M,
