Letterboxd list export v7
Date,Name,Tags,URL,Description
2022-09-12,Top 10 of 1992,top,https://boxd.it/ieZeu,

Position,Name,Year,URL,Description
1,Unforgiven,1992,https://boxd.it/6Z4,
2,A Few Good Men,1992,https://boxd.it/29nw,
3,Reservoir Dogs,1992,https://boxd.it/2agc,
4,Wayne's World,1992,https://boxd.it/1ZHG,
5,The Last of the Mohicans,1992,https://boxd.it/1YSo,
6,Basic Instinct,1992,https://boxd.it/2asM,
7,A League of Their Own,1992,https://boxd.it/1UdG,
8,Scent of a Woman,1992,https://boxd.it/1YAu,
9,The Crying Game,1992,https://boxd.it/1TYc,
10,Howards End,1992,https://boxd.it/20nW,
