Letterboxd list export v7
Date,Name,Tags,URL,Description
2020-11-12,Top 10 of the 10’s,,https://boxd.it/9b6Fe,My favourite films of 2010-2019

Position,Name,Year,URL,Description
1,The Town,2010,https://boxd.it/1zyS,
2,Whiplash,2014,https://boxd.it/7bQA,
3,Moneyball,2011,https://boxd.it/glS,
4,Looper,2012,https://boxd.it/ham,
5,Eighth Grade,2018,https://boxd.it/hDMG,
6,Ex Machina,2014,https://boxd.it/7T2k,
7,La La Land,2016,https://boxd.it/a5fa,
8,Jojo Rabbit,2019,https://boxd.it/iEBG,
9,Avengers: Endgame,2019,https://boxd.it/9vE4,
10,Annihilation,2018,https://boxd.it/9yzm,
