Letterboxd list export v7
Date,Name,Tags,URL,Description
2020-11-12,Top 10 of 1996,top,https://boxd.it/9b71a,My favourite films released in 1996

Position,Name,Year,URL,Description
1,Fargo,1996,https://boxd.it/2aHM,
2,The Birdcage,1996,https://boxd.it/1UTi,
3,A Time to Kill,1996,https://boxd.it/28pc,
4,The Cable Guy,1996,https://boxd.it/1XAI,
5,Independence Day,1996,https://boxd.it/2a1w,
6,Scream,1996,https://boxd.it/24EC,
7,Jerry Maguire,1996,https://boxd.it/1YNS,
8,The Rock,1996,https://boxd.it/1XM0,
9,Happy Gilmore,1996,https://boxd.it/1Yey,
10,Matilda,1996,https://boxd.it/1VhY,
