Letterboxd list export v7
Date,Name,Tags,URL,Description
2021-08-11,Top 10 of 1994,top,https://boxd.it/d1Kw8,My favourite movies that came out in 1994

Position,Name,Year,URL,Description
1,Forrest Gump,1994,https://boxd.it/728,
2,Pulp Fiction,1994,https://boxd.it/29Pq,
3,The Shawshank Redemption,1994,https://boxd.it/2aHi,
4,Dumb and Dumber,1994,https://boxd.it/206m,
5,The Lion King,1994,https://boxd.it/201Q,
6,Quiz Show,1994,https://boxd.it/1TPa,
7,Speed,1994,https://boxd.it/28qk,
8,Clerks,1994,https://boxd.it/2706,
9,Four Weddings and a Funeral,1994,https://boxd.it/29KA,
10,Eat Drink Man Woman,1994,https://boxd.it/1Wem,
