Letterboxd list export v7
Date,Name,Tags,URL,Description
2020-11-12,Top 10 of 2019,top,https://boxd.it/9b67G,My 10 favourite movies released in 2019

Position,Name,Year,URL,Description
1,Jojo Rabbit,2019,https://boxd.it/iEBG,
2,Avengers: Endgame,2019,https://boxd.it/9vE4,
3,1917,2019,https://boxd.it/jj4y,
4,Marriage Story,2019,https://boxd.it/hJAw,
5,Parasite,2019,https://boxd.it/hTha,
6,Booksmart,2019,https://boxd.it/igNS,
7,Knives Out,2019,https://boxd.it/jWEA,
8,Little Women,2019,https://boxd.it/aSVk,
9,The Farewell,2019,https://boxd.it/kIky,
10,Once Upon a Time… in Hollywood,2019,https://boxd.it/gH0O,
