Letterboxd list export v7
Date,Name,Tags,URL,Description
2022-11-20,Top Xmas Movies,,https://boxd.it/jc9Wu,

Position,Name,Year,URL,Description
1,It's a Wonderful Life,1946,https://boxd.it/28xA,
2,Die Hard,1988,https://boxd.it/2a7u,
3,Elf,2003,https://boxd.it/1VyK,
4,How the Grinch Stole Christmas,2000,https://boxd.it/1ZHQ,
5,The Nightmare Before Christmas,1993,https://boxd.it/1YzQ,
6,The Holiday,2006,https://boxd.it/28ye,
7,Home Alone,1990,https://boxd.it/29Fg,
8,The Polar Express,2004,https://boxd.it/23am,
9,The Night Before,2015,https://boxd.it/9n9W,
10,8-Bit Christmas,2021,https://boxd.it/uckc,
11,Love Actually,2003,https://boxd.it/2aeU,
12,Bad Santa,2003,https://boxd.it/1WYk,
13,Die Hard 2,1990,https://boxd.it/28zw,
