Letterboxd list export v7
Date,Name,Tags,URL,Description
2020-11-12,Top 10 of 2017,top,https://boxd.it/9b6PI,My 10 favourite films released in 2017

Position,Name,Year,URL,Description
1,Wind River,2017,https://boxd.it/dR3i,
2,Baby Driver,2017,https://boxd.it/bhF2,
3,Blade Runner 2049,2017,https://boxd.it/b8wK,
4,"Three Billboards Outside Ebbing, Missouri",2017,https://boxd.it/ceBS,
5,Get Out,2017,https://boxd.it/eOCm,
6,The Shape of Water,2017,https://boxd.it/dZ5m,
7,Coco,2017,https://boxd.it/bYJQ,
8,Wonder Woman,2017,https://boxd.it/9roG,
9,The Disaster Artist,2017,https://boxd.it/cTqc,
10,Logan,2017,https://boxd.it/7Piy,
