Letterboxd list export v7
Date,Name,Tags,URL,Description
2020-11-12,Top 20 of All-Time,"top, favourite",https://boxd.it/9b5Qg,My 20 <b>favourite </b>movies ever made

Position,Name,Year,URL,Description
1,Inglourious Basterds,2009,https://boxd.it/1JzG,
2,Good Will Hunting,1997,https://boxd.it/2ahY,
3,The Dark Knight,2008,https://boxd.it/2b0k,
4,Saving Private Ryan,1998,https://boxd.it/29ro,
5,Superbad,2007,https://boxd.it/20hO,
6,The Town,2010,https://boxd.it/1zyS,
7,Whiplash,2014,https://boxd.it/7bQA,
8,Eternal Sunshine of the Spotless Mind,2004,https://boxd.it/6YK,
9,Memento,2000,https://boxd.it/2bcK,
10,Moneyball,2011,https://boxd.it/glS,
11,Forrest Gump,1994,https://boxd.it/728,
12,Life Is Beautiful,1997,https://boxd.it/29Wm,
13,It's a Wonderful Life,1946,https://boxd.it/28xA,
14,The Departed,2006,https://boxd.it/28MA,
15,Shaun of the Dead,2004,https://boxd.it/29J8,
16,Eighth Grade,2018,https://boxd.it/hDMG,
17,WALL·E,2008,https://boxd.it/1VEo,
18,Liar Liar,1997,https://boxd.it/28sg,
19,The Empire Strikes Back,1980,https://boxd.it/27Vw,
20,"I Love You, Man",2009,https://boxd.it/1JZu,
