Letterboxd list export v7
Date,Name,Tags,URL,Description
2020-06-29,Top 10 of 2020,top,https://boxd.it/5R9II,My top 10 favourite movies of 2020

Position,Name,Year,URL,Description
1,Palm Springs,2020,https://boxd.it/lCXQ,
2,Dick Johnson Is Dead,2020,https://boxd.it/oigy,
3,The Trial of the Chicago 7,2020,https://boxd.it/kn3w,
4,Mangrove,2020,https://boxd.it/qEAa,
5,Sound of Metal,2019,https://boxd.it/i7Q4,
6,The Invisible Man,2020,https://boxd.it/kWlA,
7,Soul,2020,https://boxd.it/ioLA,
8,Promising Young Woman,2020,https://boxd.it/loRE,
9,The Vast of Night,2019,https://boxd.it/kJyc,
10,Boys State,2020,https://boxd.it/oiNW,
