Letterboxd list export v7
Date,Name,Tags,URL,Description
2021-12-31,Top 10 of 2021,top,https://boxd.it/eDLDO,My 10 favourite movies that came out in 2021

Position,Name,Year,URL,Description
1,CODA,2021,https://boxd.it/tbf4,
2,Bo Burnham: Inside,2021,https://boxd.it/v2uy,
3,Belfast,2021,https://boxd.it/tefG,
4,Spider-Man: No Way Home,2021,https://boxd.it/nwRw,
5,Dune,2021,https://boxd.it/fA7G,
6,The Mitchells vs. The Machines,2021,https://boxd.it/i7xm,
7,West Side Story,2021,https://boxd.it/iwt0,
8,King Richard,2021,https://boxd.it/mJZ2,
9,The Power of the Dog,2021,https://boxd.it/m99E,
10,Shang-Chi and the Legend of the Ten Rings,2021,https://boxd.it/kLDI,
