Letterboxd list export v7
Date,Name,Tags,URL,Description
2020-11-12,Top 5 Quentin Tarantino Movies,,https://boxd.it/9b7h8,"My 5 favourite films from one of the best writer/directors to ever live.

<i>(Note: there are 6 films listed because Tarantino himself considers Kill Bill vol. 1+2 to be one movie - therefore, so do I)</i>"

Position,Name,Year,URL,Description
1,Inglourious Basterds,2009,https://boxd.it/1JzG,
2,Django Unchained,2012,https://boxd.it/2cCk,
3,Pulp Fiction,1994,https://boxd.it/29Pq,
4,Reservoir Dogs,1992,https://boxd.it/2agc,
5,Kill Bill: Vol. 2,2004,https://boxd.it/2au4,
6,Kill Bill: Vol. 1,2003,https://boxd.it/70w,
