Letterboxd list export v7
Date,Name,Tags,URL,Description
2023-02-13,Top 10 of 2014,top,https://boxd.it/lddl8,My 10 favourite movies of 2014

Position,Name,Year,URL,Description
1,Whiplash,2014,https://boxd.it/7bQA,
2,Nightcrawler,2014,https://boxd.it/780m,
3,Ex Machina,2014,https://boxd.it/7T2k,
4,Captain America: The Winter Soldier,2014,https://boxd.it/3r58,
5,Interstellar,2014,https://boxd.it/4VZ8,
6,Edge of Tomorrow,2014,https://boxd.it/4pD0,
7,The Babadook,2014,https://boxd.it/77xu,
8,What We Do in the Shadows,2014,https://boxd.it/7eQy,
9,22 Jump Street,2014,https://boxd.it/5Fvy,
10,The Lego Movie,2014,https://boxd.it/4pDO,
