Letterboxd list export v7
Date,Name,Tags,URL,Description
2022-04-21,Top 10 of 1993,top,https://boxd.it/ghW8G,My 10 favourite movies that came out in 1993

Position,Name,Year,URL,Description
1,Jurassic Park,1993,https://boxd.it/2aA2,
2,Schindler's List,1993,https://boxd.it/2aq2,
3,Dave,1993,https://boxd.it/1Txq,
4,Mrs. Doubtfire,1993,https://boxd.it/29Cw,
5,Searching for Bobby Fischer,1993,https://boxd.it/1OmW,
6,Philadelphia,1993,https://boxd.it/1XMk,
7,Sleepless in Seattle,1993,https://boxd.it/29re,
8,The Fugitive,1993,https://boxd.it/230G,
9,Groundhog Day,1993,https://boxd.it/2b3e,
10,Tombstone,1993,https://boxd.it/1SE6,
