Letterboxd list export v7
Date,Name,Tags,URL,Description
2020-11-12,Top 10 of 1997,top,https://boxd.it/9b6XC,My favourite films released in 1997

Position,Name,Year,URL,Description
1,Good Will Hunting,1997,https://boxd.it/2ahY,
2,Liar Liar,1997,https://boxd.it/28sg,
3,Boogie Nights,1997,https://boxd.it/23um,
4,The Game,1997,https://boxd.it/26vC,
5,Hercules,1997,https://boxd.it/1SDW,
6,L.A. Confidential,1997,https://boxd.it/27oC,
7,Jackie Brown,1997,https://boxd.it/2aVO,
8,Face/Off,1997,https://boxd.it/29I0,
9,Men in Black,1997,https://boxd.it/2a0I,
10,Titanic,1997,https://boxd.it/2a2k,
