Letterboxd list export v7
Date,Name,Tags,URL,Description
2022-04-11,Top Threequels,,https://boxd.it/g95RW,"Best movies that were the third instalment of a franchise, or trilogy within a franchise."

Position,Name,Year,URL,Description
1,Avengers: Infinity War,2018,https://boxd.it/9vEe,
2,Captain America: Civil War,2016,https://boxd.it/89Ja,
3,Toy Story 3,2010,https://boxd.it/1WRe,
4,The Lord of the Rings: The Return of the King,2003,https://boxd.it/2b5u,
5,Skyfall,2012,https://boxd.it/17Fc,
6,Spider-Man: No Way Home,2021,https://boxd.it/nwRw,
7,Thor: Ragnarok,2017,https://boxd.it/8MHi,
8,Die Hard: With a Vengeance,1995,https://boxd.it/28zG,
9,Iron Man 3,2013,https://boxd.it/2cBQ,
10,Harry Potter and the Prisoner of Azkaban,2004,https://boxd.it/29Qy,
11,Back to the Future Part III,1990,https://boxd.it/2aTS,
12,Logan,2017,https://boxd.it/7Piy,
13,The Dark Knight Rises,2012,https://boxd.it/H3m,
14,Return of the Jedi,1983,https://boxd.it/27Vm,
15,Star Wars: Episode III - Revenge of the Sith,2005,https://boxd.it/27US,
16,Spider-Man 3,2007,https://boxd.it/2a7Y,
17,Austin Powers in Goldmember,2002,https://boxd.it/29xG,
18,Paranormal Activity 3,2011,https://boxd.it/2o4O,
19,Batman Forever,1995,https://boxd.it/2ara,
20,Star Wars: The Rise of Skywalker,2019,https://boxd.it/5xlK,
