Letterboxd list export v7
Date,Name,Tags,URL,Description
2023-02-13,Top 10 of 2015,top,https://boxd.it/ldcDU,My 10 Favourite movies of 2015

Position,Name,Year,URL,Description
1,Sicario,2015,https://boxd.it/8i7u,
2,Inside Out,2015,https://boxd.it/4KHC,
3,Bridge of Spies,2015,https://boxd.it/9n9C,
4,The Witch,2015,https://boxd.it/9X0m,
5,The Martian,2015,https://boxd.it/8SeG,
6,Mad Max: Fury Road,2015,https://boxd.it/2DjO,
7,Spotlight,2015,https://boxd.it/a84k,
8,The Lobster,2015,https://boxd.it/7tnw,
9,The Revenant,2015,https://boxd.it/8H5e,
10,The Gift,2015,https://boxd.it/aJMy,
