Letterboxd list export v7
Date,Name,Tags,URL,Description
2023-02-13,Top 10 of 2016,top,https://boxd.it/ldcha,My 10 favourite movies of 2016

Position,Name,Year,URL,Description
1,La La Land,2016,https://boxd.it/a5fa,
2,Arrival,2016,https://boxd.it/aNGk,
3,Captain America: Civil War,2016,https://boxd.it/89Ja,
4,Hell or High Water,2016,https://boxd.it/bfGM,
5,The Nice Guys,2016,https://boxd.it/94Hg,
6,Sing Street,2016,https://boxd.it/cOo6,
7,Manchester by the Sea,2016,https://boxd.it/b2L0,
8,Moonlight,2016,https://boxd.it/d6bE,
9,10 Cloverfield Lane,2016,https://boxd.it/aZiu,
10,Deadpool,2016,https://boxd.it/9fOC,
