Letterboxd list export v7
Date,Name,Tags,URL,Description
2021-04-12,Top 10 of 1995,top,https://boxd.it/bLtEy,My 10 favourite movies released in 1995

Position,Name,Year,URL,Description
1,Se7en,1995,https://boxd.it/29zs,
2,Apollo 13,1995,https://boxd.it/2a6G,
3,Crimson Tide,1995,https://boxd.it/1ZuM,
4,Heat,1995,https://boxd.it/2bg8,
5,Die Hard: With a Vengeance,1995,https://boxd.it/28zG,
6,Toy Story,1995,https://boxd.it/29qA,
7,The American President,1995,https://boxd.it/1Zce,
8,Mr. Holland's Opus,1995,https://boxd.it/27xO,
9,The Usual Suspects,1995,https://boxd.it/29XE,
10,Sense and Sensibility,1995,https://boxd.it/244E,
