Date,Name,Year,Letterboxd URI,Rating,Rewatch,Tags,Watched Date
2020-09-10,Black Panther,2018,https://boxd.it/1lxJwp,3,Yes,,2020-09-09
2020-11-25,Die Hard 2,1990,https://boxd.it/1tzGFJ,2,Yes,action,2020-11-24
2021-07-01,Good on Paper,2021,https://boxd.it/1XHpcL,3,,,2021-07-01
2021-07-16,The Way Way Back,2013,https://boxd.it/1ZTo1f,4,,,2021-07-13
2021-10-29,Halloweentown,1998,https://boxd.it/2f9YMD,,Yes,,2021-10-24
2022-01-18,Spider-Man: Far from Home,2019,https://boxd.it/2uL8zX,4,,"action, adventure, scifi",2022-01-17
2022-06-23,The Crying Game,1992,https://boxd.it/2XfYOd,,,,2022-06-21
2022-09-25,American Psycho,2000,https://boxd.it/3fXYlb,,,,2022-09-24
2022-11-18,Boyz n the Hood,1991,https://boxd.it/3rv6P9,,Yes,,2022-11-17
